report_id,timestamp,source,user_handle,state,district,latitude,longitude,text,event_type,severity,source_credibility,label_is_fake,near_dup_of
3f651461,2026-09-02 11:25:00,twitter,@user73362,Chhattisgarh,Surguja,23.15295,83.1803,Just saw flooding hit Surguja - power supply flickering in our area. #WeatherAlert #Monsoon2026 #RainAlert,flood,severe,0.51,0,
811b7f83,2026-05-28 05:07:00,citizen_app,@user85462,Rajasthan,Bikaner,28.04265,73.32643,"Update from Bikaner: a heatwave continuing, local authorities have issued an advisory. #RainAlert #Flood",heatwave,severe,0.79,0,
70c422d6,2026-06-02 17:26:00,instagram,@user71614,Rajasthan,Bikaner,28.04965,73.29716,"Bikaner traffic disrupted due to a dust storm, several vehicles stranded on the flyover. #DustStorm #Flood #RainAlert",dust_storm,moderate,0.46,0,
28ec7412,2026-09-02 05:00:00,facebook,@user16806,Odisha,Sundargarh,22.07582,83.99282,"Update from Sundargarh: flooding continuing, local authorities have issued an advisory. #RainAlert #StaySafe #Monsoon2026",flood,severe,0.55,0,
4df49cc1,2026-09-07 23:28:00,news_wire,@IMDWeather_Alt,Assam,Guwahati,26.09637,91.75203,"Heavy flooding reported in Guwahati, Assam right now. Roads getting waterlogged near main market. #RainAlert #Cyclone",flood,moderate,0.96,0,
b2a09f65,2026-09-03 20:02:00,whatsapp_forward,@DistrictAdmin_Official,Madhya Pradesh,Bhopal,23.27996,77.45736,"URGENT: dam near Bhopal about to burst, everyone evacuate NOW, forward to everyone you know #Monsoon2026",rainfall,severe,0.35,1,2c5a3344
5bbaa82c,2026-09-01 12:29:00,instagram,@user61236,Uttar Pradesh,Kanpur,26.4169,80.2898,Just saw heavy rainfall hit Kanpur - power supply flickering in our area. #Cyclone #Flood,rainfall,moderate,0.4,0,3962e94b
6c63ed24,2026-09-05 20:56:00,whatsapp_forward,@user60232,Uttarakhand,Rudraprayag,30.32106,79.00635,"Heavy heavy rainfall reported in Rudraprayag, Uttarakhand right now. Roads getting waterlogged near main market. #ColdWave #WeatherAlert",rainfall,severe,0.32,0,
dc3d009a,2026-09-03 06:11:00,instagram,@user74149,West Bengal,Howrah,22.62049,88.22898,"Heavy heavy rainfall reported in Howrah, West Bengal right now. Roads getting waterlogged near main market. #WeatherAlert",rainfall,moderate,0.36,0,
0f149fe4,2026-09-02 21:08:00,instagram,@user34422,Chhattisgarh,Surguja,23.15175,83.16144,Farmers in Surguja worried as flooding continues for the third day. #ColdWave #StaySafe,flood,severe,0.39,0,
10de5163,2026-09-04 10:40:00,instagram,@user2403,Jharkhand,Ranchi,23.355,85.33205,Farmers in Ranchi worried as heavy rainfall continues for the third day. #Cyclone #IMD,rainfall,moderate,0.39,0,
3f0648ad,2026-09-01 12:17:00,instagram,@user71798,Delhi,Karol Bagh,28.62963,77.21867,"IMD had warned about this — heavy rainfall now active over Karol Bagh, Delhi. #WeatherAlert #HeatWave",rainfall,moderate,0.37,0,d0a55886
6f707383,2026-09-05 13:04:00,instagram,@user70607,Maharashtra,Sindhudurg,16.12145,73.66632,NDRF teams reportedly moving into Sindhudurg as heavy rainfall worsens. #WeatherAlert #Cyclone #DustStorm,rainfall,moderate,0.45,0,bae38c2f
79a2faba,2026-07-16 14:14:00,facebook,@user22245,Unverified,Keonjhar,21.64957,85.56946,"Keonjhar flooded because of cloud seeding conspiracy by neighbouring country, spread the word #RainAlert",heatwave,unverified,0.06,1,
5f57f031,2026-09-03 14:42:00,twitter,@IMDWeather_Alt,West Bengal,Howrah,22.6129,88.27033,Farmers in Howrah worried as heavy rainfall continues for the third day. #StaySafe #WeatherAlert,rainfall,moderate,0.49,0,
dda172d5,2026-09-05 08:02:00,twitter,@user68302,Maharashtra,Ratnagiri,17.03831,73.30448,"Abhi Ratnagiri mein heavy rainfall shuru hua, log ghar ke andar hi hain. #IMD #RainAlert",rainfall,moderate,0.57,0,
555924aa,2026-09-06 17:26:00,whatsapp_forward,@user89225,Bihar,Muzaffarpur,26.09571,85.36257,NDRF teams reportedly moving into Muzaffarpur as heavy rainfall worsens. #Monsoon2026 #Flood #HeatWave,rainfall,moderate,0.28,0,
d8b63d53,2026-09-01 08:24:00,news_wire,@DistrictAdmin_Official,Delhi,Karol Bagh,28.70026,77.14473,"Citizen report: heavy rainfall in Karol Bagh. Water level rising near the river bank, please avoid the area. #Cyclone #StaySafe",rainfall,moderate,0.85,0,
4106d97e,2026-09-02 10:45:00,citizen_app,@user92779,Chhattisgarh,Korba,22.31828,82.76829,"Korba experiencing flooding since morning, visibility very low on the highway. #StaySafe #HeatWave #Cyclone",flood,severe,0.78,0,
8fcd0381,2026-09-01 17:05:00,news_wire,@NDRFHQ_Watch,Delhi,New Delhi,28.57357,77.24375,"Heavy heavy rainfall reported in New Delhi, Delhi right now. Roads getting waterlogged near main market. #Monsoon2026 #StaySafe #WeatherAlert",rainfall,moderate,0.97,0,
f0986e4f,2026-09-05 12:59:00,facebook,@user19910,Maharashtra,Panaji,15.46608,73.86626,"Citizen report: heavy rainfall in Panaji. Water level rising near the river bank, please avoid the area. #Cyclone #ColdWave",rainfall,moderate,0.37,0,f57ae062
985b6f15,2026-06-04 15:41:00,facebook,@user50868,Delhi,New Delhi,28.6258,77.18089,Farmers in New Delhi worried as a dust storm continues for the third day. #WeatherAlert #Monsoon2026 #StaySafe,dust_storm,moderate,0.38,0,
dfae8245,2026-09-05 07:11:00,citizen_app,@user15464,Delhi,New Delhi,28.64466,77.22746,Farmers in New Delhi worried as heavy rainfall continues for the third day. #ColdWave #RainAlert,rainfall,severe,0.78,0,
15e677be,2026-09-03 12:14:00,twitter,@user46134,Madhya Pradesh,Rewa,24.50634,81.29101,"Scientists confirm heavy rainfall in Rewa caused by secret weather weapon testing, wake up people #IMD",rainfall,severe,0.18,1,3a90bc55
f37cf7eb,2026-05-30 10:28:00,whatsapp_forward,@user62428,Uttar Pradesh,Jhansi,25.42514,78.61034,Just saw a heatwave hit Jhansi - power supply flickering in our area. #Cyclone #ColdWave #Monsoon2026,heatwave,moderate,0.25,0,
ae05ebf7,2026-09-02 10:28:00,twitter,@user57072,Odisha,Sundargarh,22.15612,84.05953,"Abhi Sundargarh mein flooding shuru hua, log ghar ke andar hi hain. #WeatherAlert",flood,severe,0.49,0,
670350a7,2026-09-07 05:30:00,facebook,@user4148,Assam,Silchar,24.85225,92.82468,"Citizen report: flooding in Silchar. Water level rising near the river bank, please avoid the area. #WeatherAlert #Cyclone",flood,moderate,0.47,0,
8853d3a2,2026-09-04 07:05:00,facebook,@user30912,Jharkhand,Dhanbad,23.77435,86.44357,"Citizen report: heavy rainfall in Dhanbad. Water level rising near the river bank, please avoid the area. #Cyclone #ColdWave",rainfall,moderate,0.41,0,
b671089d,2026-09-07 23:43:00,twitter,@user50501,Assam,Guwahati,26.1284,91.70981,"Guwahati flooded because of cloud seeding conspiracy by neighbouring country, spread the word #DustStorm",flood,moderate,0.08,1,6bc60906
ee603a99,2026-09-02 14:44:00,facebook,@user32278,Odisha,Sundargarh,22.07506,83.9912,"Update from Sundargarh: flooding continuing, local authorities have issued an advisory. #DustStorm #ColdWave #WeatherAlert",flood,severe,0.36,0,e7f7d457
923aabde,2026-09-01 13:57:00,facebook,@user7658,Delhi,Rohini,28.71504,77.03468,Just saw heavy rainfall hit Rohini - power supply flickering in our area. #HeatWave #StaySafe #Monsoon2026,rainfall,moderate,0.37,0,
aa3c8a5f,2026-09-07 11:21:00,instagram,@IMDWeather_Alt,Assam,Silchar,24.80575,92.75669,"Citizen report: flooding in Silchar. Water level rising near the river bank, please avoid the area. #ColdWave",flood,moderate,0.55,0,
a9acf021,2026-08-09 18:22:00,whatsapp_forward,@user1084,Unverified,Dhanbad,23.74726,86.3845,"Dhanbad flooded because of cloud seeding conspiracy by neighbouring country, spread the word #IMD",rainfall,unverified,0.17,1,
9313f43e,2026-09-05 10:01:00,twitter,@user5899,Maharashtra,Sindhudurg,16.14016,73.59791,"Sindhudurg experiencing heavy rainfall since morning, visibility very low on the highway. #WeatherAlert #DustStorm",rainfall,moderate,0.54,0,
475d6557,2026-09-04 07:35:00,instagram,@user74284,Jharkhand,Ranchi,23.33404,85.32657,Farmers in Ranchi worried as heavy rainfall continues for the third day. #WeatherAlert,rainfall,moderate,0.53,0,
01122f9f,2026-09-05 15:52:00,facebook,@user88680,Gujarat,Rajkot,22.27407,70.77717,"Heavy heavy rainfall reported in Rajkot, Gujarat right now. Roads getting waterlogged near main market. #IMD #Cyclone",rainfall,moderate,0.36,0,
6e5902b8,2026-06-04 18:02:00,citizen_app,@user90505,Delhi,Dwarka,28.60724,77.08902,"Update from Dwarka: a dust storm continuing, local authorities have issued an advisory. #HeatWave #DustStorm",dust_storm,moderate,0.73,0,b8825b72
69717e1e,2026-05-30 22:44:00,twitter,@user2821,Uttar Pradesh,Jhansi,25.47274,78.57392,"BREAKING!!! Jhansi completely underwater, govt hiding the truth, share before it gets deleted!!! #StaySafe #Flood",heatwave,moderate,0.18,1,
1f9cf5dc,2026-09-01 16:28:00,instagram,@user60177,Delhi,Dwarka,28.56861,77.08324,Farmers in Dwarka worried as heavy rainfall continues for the third day. #RainAlert #HeatWave #ColdWave,rainfall,moderate,0.37,0,ff83a286
e7f8e593,2026-09-05 09:24:00,news_wire,@DistrictAdmin_Official,Jammu and Kashmir,Udhampur,32.9663,75.11328,"Udhampur experiencing heavy rainfall since morning, visibility very low on the highway. #Cyclone",rainfall,moderate,0.98,0,
da9df0cb,2026-09-02 15:58:00,news_wire,@DistrictAdmin_Official,Odisha,Balasore,21.48013,86.90786,"School closed today in Balasore because of flooding, notice came in this morning. #Monsoon2026",flood,severe,0.87,0,
d6b427d7,2026-09-02 16:44:00,facebook,@user51916,Odisha,Keonjhar,21.64115,85.54018,Just saw flooding hit Keonjhar - power supply flickering in our area. #WeatherAlert #Flood,flood,severe,0.43,0,84c3d501
d186ebb0,2026-09-05 18:17:00,citizen_app,@user85678,Maharashtra,Panaji,15.46494,73.85244,"Panaji traffic disrupted due to heavy rainfall, several vehicles stranded on the flyover. #WeatherAlert #RainAlert",rainfall,moderate,0.68,0,
a6656bda,2026-09-06 23:43:00,citizen_app,@user12237,Bihar,Patna,25.55869,85.11662,"School closed today in Patna because of heavy rainfall, notice came in this morning. #DustStorm",rainfall,moderate,0.65,0,
bdb1b6f3,2026-09-05 14:33:00,instagram,@user11069,Rajasthan,Alwar,27.51933,76.61187,"Citizen report: heavy rainfall in Alwar. Water level rising near the river bank, please avoid the area. #HeatWave",rainfall,moderate,0.45,0,
7ff1923c,2026-09-05 11:32:00,instagram,@user74490,Delhi,Gurugram,28.48047,77.06699,Farmers in Gurugram worried as heavy rainfall continues for the third day. #Flood,rainfall,severe,0.54,0,994ce1c3
898b9b2e,2026-09-03 19:21:00,whatsapp_forward,@user82232,West Bengal,Kolkata,22.61161,88.37013,"Citizen report: heavy rainfall in Kolkata. Water level rising near the river bank, please avoid the area. #IMD #RainAlert",rainfall,moderate,0.27,0,
3589d7a4,2026-06-02 07:09:00,twitter,@DistrictAdmin_Official,Rajasthan,Bikaner,28.04585,73.32666,"Update from Bikaner: a dust storm continuing, local authorities have issued an advisory. #Cyclone #RainAlert",dust_storm,moderate,0.54,0,
c948e199,2026-06-04 21:06:00,instagram,@user20685,Delhi,New Delhi,28.60371,77.17849,"Update from New Delhi: a dust storm continuing, local authorities have issued an advisory. #WeatherAlert #DustStorm #ColdWave",dust_storm,moderate,0.35,0,
848a6927,2026-09-01 15:39:00,twitter,@user17334,Delhi,Karol Bagh,28.69446,77.19475,"100% confirmed Karol Bagh bridge collapsed due to heavy rainfall, hundreds missing (unverified forward) #DustStorm",rainfall,moderate,0.13,1,
d543fc99,2026-09-03 09:26:00,citizen_app,@user99097,West Bengal,Kolkata,22.61419,88.39014,"Citizen report: heavy rainfall in Kolkata. Water level rising near the river bank, please avoid the area. #Monsoon2026 #Flood",rainfall,moderate,0.75,0,
c2e74253,2026-09-05 13:19:00,facebook,@DistrictAdmin_Official,Maharashtra,Margao,15.30172,73.98969,"Margao traffic disrupted due to heavy rainfall, several vehicles stranded on the flyover. #ColdWave",rainfall,moderate,0.41,0,
3fa7ffd9,2026-09-02 13:41:00,instagram,@NDRFHQ_Watch,Odisha,Sundargarh,22.14194,84.04226,"Sundargarh traffic disrupted due to flooding, several vehicles stranded on the flyover. #Flood #RainAlert",flood,severe,0.51,0,
82644e3e,2026-09-06 08:35:00,whatsapp_forward,@NDRFHQ_Watch,Bihar,Patna,25.57642,85.1569,"Patna traffic disrupted due to heavy rainfall, several vehicles stranded on the flyover. #ColdWave #HeatWave #WeatherAlert",rainfall,moderate,0.34,0,
aa7d4011,2026-09-03 11:15:00,twitter,@user46938,Madhya Pradesh,Jabalpur,23.22974,79.95319,"Citizen report: heavy rainfall in Jabalpur. Water level rising near the river bank, please avoid the area. #IMD #HeatWave",rainfall,severe,0.5,0,ee00d56d
053c1cef,2026-06-02 11:59:00,facebook,@user3314,Rajasthan,Jodhpur,26.24802,73.03775,"Jodhpur traffic disrupted due to a dust storm, several vehicles stranded on the flyover. #HeatWave",dust_storm,moderate,0.47,0,d1daed03
4b39bbef,2026-06-04 11:03:00,news_wire,@DistrictAdmin_Official,Delhi,Dwarka,28.57412,76.99913,"Heavy a dust storm reported in Dwarka, Delhi right now. Roads getting waterlogged near main market. #ColdWave #Monsoon2026",dust_storm,moderate,0.97,0,
d35e0284,2026-09-06 19:44:00,instagram,@user22146,Bihar,Muzaffarpur,26.07885,85.42989,"Muzaffarpur experiencing heavy rainfall since morning, visibility very low on the highway. #Cyclone #DustStorm",rainfall,moderate,0.41,0,a3de10bd
cce72f9c,2026-09-05 07:42:00,instagram,@user51789,Delhi,Noida,28.48557,77.4048,"Heavy heavy rainfall reported in Noida, Delhi right now. Roads getting waterlogged near main market. #DustStorm #RainAlert #Cyclone",rainfall,severe,0.39,0,
57f7874e,2026-09-05 07:05:00,citizen_app,@user24437,Rajasthan,Kota,25.21699,75.89734,"Citizen report: heavy rainfall in Kota. Water level rising near the river bank, please avoid the area. #WeatherAlert #RainAlert #Monsoon2026",rainfall,moderate,0.71,0,
30e5c4ac,2026-09-03 07:12:00,whatsapp_forward,@user59121,Madhya Pradesh,Bhopal,23.24712,77.42563,"Bhopal ka mausam kharab, heavy rainfall ki wajah se traffic ruk gaya hai. #WeatherAlert #IMD",rainfall,severe,0.31,0,2c5a3344
4cc102a3,2026-09-02 18:31:00,whatsapp_forward,@user19661,Odisha,Sambalpur,21.48263,84.0105,"Scientists confirm flooding in Sambalpur caused by secret weather weapon testing, wake up people #RainAlert",flood,severe,0.13,1,b1dbef0f
d1daed03,2026-06-02 08:44:00,citizen_app,@user81098,Rajasthan,Jodhpur,26.21701,72.9858,Just saw a dust storm hit Jodhpur - power supply flickering in our area. #ColdWave #RainAlert #Monsoon2026,dust_storm,moderate,0.69,0,
ede89624,2026-09-05 06:29:00,instagram,@CitizenReporterIN,Gujarat,Rajkot,22.30434,70.83015,"IMD had warned about this — heavy rainfall now active over Rajkot, Gujarat. #StaySafe",rainfall,moderate,0.43,0,
005d40d9,2026-09-01 20:35:00,twitter,@user56771,Uttar Pradesh,Ghaziabad,28.66828,77.48309,"Ghaziabad traffic disrupted due to heavy rainfall, several vehicles stranded on the flyover. #RainAlert #HeatWave #DustStorm",rainfall,moderate,0.65,0,
57bd7dff,2026-09-02 18:52:00,citizen_app,@user86332,Odisha,Mayurbhanj,21.90897,86.78458,"Mayurbhanj traffic disrupted due to flooding, several vehicles stranded on the flyover. #Monsoon2026 #DustStorm",flood,severe,0.84,0,d45a2ddd
6642aae0,2026-09-02 23:02:00,twitter,@user90006,Chhattisgarh,Korba,22.37026,82.77823,Just saw flooding hit Korba - power supply flickering in our area. #DustStorm #Cyclone #ColdWave,flood,severe,0.54,0,
f3309eb6,2026-09-05 20:14:00,citizen_app,@user74184,Delhi,New Delhi,28.63986,77.16501,Farmers in New Delhi worried as heavy rainfall continues for the third day. #Flood,rainfall,severe,0.81,0,
d91b156c,2026-09-01 19:44:00,news_wire,@NDRFHQ_Watch,Uttar Pradesh,Meerut,28.94046,77.73566,NDRF teams reportedly moving into Meerut as heavy rainfall worsens. #Monsoon2026 #WeatherAlert,rainfall,moderate,0.94,0,
a6d235bc,2026-06-02 17:31:00,facebook,@user68303,Rajasthan,Jodhpur,26.20559,73.00171,NDRF teams reportedly moving into Jodhpur as a dust storm worsens. #RainAlert,dust_storm,moderate,0.54,0,d1daed03
0fdfc395,2026-09-05 10:44:00,facebook,@user44296,Jammu and Kashmir,Jammu,32.72365,74.90174,NDRF teams reportedly moving into Jammu as heavy rainfall worsens. #DustStorm #ColdWave,rainfall,moderate,0.51,0,
887e6b77,2026-09-07 12:34:00,whatsapp_forward,@user73764,Assam,Dibrugarh,27.47962,94.9066,"Update from Dibrugarh: flooding continuing, local authorities have issued an advisory. #StaySafe #Flood",flood,moderate,0.24,0,2f9f2412
5ef17863,2026-09-03 16:39:00,facebook,@DistrictAdmin_Official,Madhya Pradesh,Satna,24.64475,80.79814,"Satna flooded because of cloud seeding conspiracy by neighbouring country, spread the word #Cyclone #Monsoon2026",rainfall,severe,0.11,1,
5598c9b4,2026-09-05 09:41:00,facebook,@user21715,Uttarakhand,Dehradun,30.32064,78.06221,Farmers in Dehradun worried as heavy rainfall continues for the third day. #ColdWave,rainfall,severe,0.41,0,
b2514949,2026-09-05 20:37:00,instagram,@user81863,Maharashtra,Sindhudurg,16.18524,73.62392,"Update from Sindhudurg: heavy rainfall continuing, local authorities have issued an advisory. #IMD #ColdWave #HeatWave",rainfall,moderate,0.49,0,
e9df52a5,2026-01-16 14:12:00,citizen_app,@user78863,Haryana,Karnal,29.68649,76.94582,"Heavy a cold wave reported in Karnal, Haryana right now. Roads getting waterlogged near main market. #ColdWave #Cyclone #RainAlert",cold_wave,moderate,0.71,0,
14c84d89,2026-08-21 19:48:00,whatsapp_forward,@user83744,Unverified,Jhansi,25.47398,78.56051,"BREAKING!!! Jhansi completely underwater, govt hiding the truth, share before it gets deleted!!! #WeatherAlert #IMD",flood,unverified,0.32,1,
9922482a,2026-01-16 07:10:00,whatsapp_forward,@user60666,Haryana,Karnal,29.64512,76.99082,"IMD had warned about this — a cold wave now active over Karnal, Haryana. #RainAlert #Flood #DustStorm",cold_wave,moderate,0.18,0,42b74c7a
231a3cca,2026-09-05 20:57:00,twitter,@user25931,Uttarakhand,Rudraprayag,30.2521,78.96862,"Rudraprayag experiencing heavy rainfall since morning, visibility very low on the highway. #StaySafe #IMD",rainfall,severe,0.52,0,
9b2502a9,2026-09-05 17:35:00,citizen_app,@user23398,Uttarakhand,Haridwar,29.90712,78.15914,"Haridwar ka mausam kharab, heavy rainfall ki wajah se traffic ruk gaya hai. #StaySafe #Flood",rainfall,severe,0.83,0,
69debdb4,2026-09-02 08:35:00,news_wire,@CitizenReporterIN,Chhattisgarh,Raipur,21.24228,81.61344,"Raipur ka mausam kharab, flooding ki wajah se traffic ruk gaya hai. #WeatherAlert #DustStorm",flood,severe,0.86,0,
6b6bfc23,2026-09-03 18:05:00,facebook,@user58067,Madhya Pradesh,Sagar,23.8337,78.78271,Just saw heavy rainfall hit Sagar - power supply flickering in our area. #IMD,rainfall,severe,0.39,0,
9c976b92,2026-09-03 12:24:00,citizen_app,@user15230,West Bengal,Malda,24.97899,88.15706,"Citizen report: heavy rainfall in Malda. Water level rising near the river bank, please avoid the area. #Cyclone #WeatherAlert",rainfall,moderate,0.65,0,
cbf6916d,2026-09-02 23:50:00,citizen_app,@user50290,Odisha,Mayurbhanj,21.97323,86.70979,"Mayurbhanj traffic disrupted due to flooding, several vehicles stranded on the flyover. #HeatWave #Monsoon2026",flood,severe,0.71,0,
c4548858,2026-08-04 19:34:00,twitter,@user58264,Unverified,Jashpur,22.85237,84.14543,"Scientists confirm flooding in Jashpur caused by secret weather weapon testing, wake up people #HeatWave",flood,unverified,0.2,1,
43430f56,2026-09-05 07:20:00,whatsapp_forward,@user9333,Maharashtra,Panaji,15.51987,73.80558,"URGENT: dam near Panaji about to burst, everyone evacuate NOW, forward to everyone you know #Monsoon2026",rainfall,moderate,0.47,1,
b651243e,2026-08-28 12:14:00,whatsapp_forward,@IMDWeather_Alt,Unverified,Jashpur,22.8506,84.15157,"Scientists confirm heavy rainfall in Jashpur caused by secret weather weapon testing, wake up people #DustStorm",rainfall,unverified,0.19,1,
b182d2fd,2026-09-05 21:21:00,instagram,@user39739,Rajasthan,Udaipur,24.58534,73.67704,"Update from Udaipur: heavy rainfall continuing, local authorities have issued an advisory. #StaySafe",rainfall,moderate,0.44,0,
dd6c9b69,2026-09-06 19:41:00,citizen_app,@user72358,Bihar,Muzaffarpur,26.10387,85.37502,NDRF teams reportedly moving into Muzaffarpur as heavy rainfall worsens. #ColdWave,rainfall,moderate,0.77,0,
b58457bd,2026-09-05 12:12:00,citizen_app,@user21446,Delhi,Gurugram,28.41192,77.00708,"School closed today in Gurugram because of heavy rainfall, notice came in this morning. #Flood #Monsoon2026 #IMD",rainfall,severe,0.8,0,
724fabce,2026-06-04 07:33:00,news_wire,@CitizenReporterIN,Delhi,New Delhi,28.61932,77.24195,Just saw a dust storm hit New Delhi - power supply flickering in our area. #Flood #HeatWave,dust_storm,moderate,0.99,0,6c860310
71b19b7e,2026-09-01 10:12:00,twitter,@user64464,Uttar Pradesh,Meerut,28.96159,77.68154,"Citizen report: heavy rainfall in Meerut. Water level rising near the river bank, please avoid the area. #StaySafe",rainfall,moderate,0.51,0,
94bb86dc,2026-09-05 17:06:00,facebook,@user47840,Maharashtra,Sindhudurg,16.12284,73.62575,"Citizen report: heavy rainfall in Sindhudurg. Water level rising near the river bank, please avoid the area. #Cyclone #IMD #DustStorm",rainfall,moderate,0.43,0,bae38c2f
090afc93,2026-09-02 23:31:00,news_wire,@NDRFHQ_Watch,Chhattisgarh,Raipur,21.2456,81.60692,"Abhi Raipur mein flooding shuru hua, log ghar ke andar hi hain. #HeatWave",flood,severe,0.81,0,
6670ea6c,2026-09-05 19:43:00,facebook,@user24704,Maharashtra,Ratnagiri,16.94063,73.33453,"School closed today in Ratnagiri because of heavy rainfall, notice came in this morning. #Cyclone #Flood",rainfall,moderate,0.52,0,
a91c6b60,2026-05-30 16:00:00,whatsapp_forward,@user11831,Uttar Pradesh,Prayagraj,25.46338,81.89542,"School closed today in Prayagraj because of a heatwave, notice came in this morning. #ColdWave #HeatWave #Monsoon2026",heatwave,moderate,0.17,0,
c8c9a31f,2026-06-04 15:42:00,instagram,@user97253,Delhi,Dwarka,28.57757,77.06529,Farmers in Dwarka worried as a dust storm continues for the third day. #RainAlert #WeatherAlert #Flood,dust_storm,moderate,0.5,0,
df7fb5f4,2026-09-02 16:22:00,citizen_app,@user85599,Chhattisgarh,Raipur,21.23243,81.61355,"Raipur experiencing flooding since morning, visibility very low on the highway. #WeatherAlert #StaySafe #RainAlert",flood,severe,0.81,0,b0afbeab
14654ebf,2026-09-02 07:06:00,twitter,@user59515,Chhattisgarh,Surguja,23.15352,83.22355,"Surguja traffic disrupted due to flooding, several vehicles stranded on the flyover. #IMD #RainAlert #StaySafe",flood,severe,0.57,0,
25688de3,2026-09-03 14:57:00,citizen_app,@user42984,West Bengal,Howrah,22.63693,88.29581,Farmers in Howrah worried as heavy rainfall continues for the third day. #Monsoon2026 #IMD,rainfall,moderate,0.75,0,
7cd17cdd,2026-09-05 16:50:00,instagram,@user81862,Delhi,Noida,28.57834,77.42421,"Heavy heavy rainfall reported in Noida, Delhi right now. Roads getting waterlogged near main market. #StaySafe #ColdWave",rainfall,severe,0.4,0,9ec4d6d3
23a946b9,2026-09-05 09:00:00,whatsapp_forward,@user7548,Rajasthan,Jaipur,26.86609,75.75146,"Jaipur ka mausam kharab, heavy rainfall ki wajah se traffic ruk gaya hai. #RainAlert",rainfall,moderate,0.33,0,
dc996a99,2026-05-30 19:44:00,twitter,@user19982,Uttar Pradesh,Prayagraj,25.46103,81.85434,"IMD had warned about this — a heatwave now active over Prayagraj, Uttar Pradesh. #Flood #Cyclone",heatwave,moderate,0.49,0,
492237f0,2026-09-03 11:28:00,whatsapp_forward,@user54368,Madhya Pradesh,Sagar,23.8116,78.71785,"Citizen report: heavy rainfall in Sagar. Water level rising near the river bank, please avoid the area. #ColdWave #WeatherAlert",rainfall,severe,0.3,0,
5aa4ea23,2026-09-05 21:45:00,citizen_app,@user86089,Maharashtra,Margao,15.27327,73.99903,"Margao experiencing heavy rainfall since morning, visibility very low on the highway. #RainAlert",rainfall,moderate,0.8,0,
fd248afa,2026-09-01 23:19:00,citizen_app,@user1053,Delhi,Karol Bagh,28.64274,77.18114,Just saw heavy rainfall hit Karol Bagh - power supply flickering in our area. #ColdWave #Flood,rainfall,moderate,0.71,0,d0a55886
a40d5609,2026-09-05 22:24:00,twitter,@user42674,Gujarat,Ahmedabad,23.06067,72.60924,"Ahmedabad mein bahut zyada heavy rainfall ho raha hai, sadkon par paani bhar gaya hai. #RainAlert",rainfall,moderate,0.57,0,
3b727f4f,2026-09-04 18:32:00,facebook,@user10487,Jharkhand,Ranchi,23.32175,85.32024,"Ranchi traffic disrupted due to heavy rainfall, several vehicles stranded on the flyover. #IMD #HeatWave #Flood",rainfall,moderate,0.45,0,
6bc60906,2026-09-07 22:37:00,news_wire,@NDRFHQ_Watch,Assam,Guwahati,26.10378,91.74138,"Update from Guwahati: flooding continuing, local authorities have issued an advisory. #IMD",flood,moderate,0.85,0,
5889cd16,2026-06-04 19:55:00,twitter,@user29063,Delhi,Dwarka,28.56908,77.05957,"IMD had warned about this — a dust storm now active over Dwarka, Delhi. #WeatherAlert #HeatWave",dust_storm,moderate,0.58,0,
041c92fa,2026-06-02 11:18:00,twitter,@user80498,Rajasthan,Jodhpur,26.26006,72.999,"Heavy a dust storm reported in Jodhpur, Rajasthan right now. Roads getting waterlogged near main market. #DustStorm",dust_storm,moderate,0.47,0,d1daed03
fbadd7b8,2026-09-05 18:02:00,facebook,@CitizenReporterIN,Rajasthan,Kota,25.2368,75.88842,"Kota traffic disrupted due to heavy rainfall, several vehicles stranded on the flyover. #RainAlert #Flood #IMD",rainfall,moderate,0.5,0,
d45a2ddd,2026-09-02 21:10:00,twitter,@user23216,Odisha,Mayurbhanj,21.87973,86.73108,Farmers in Mayurbhanj worried as flooding continues for the third day. #Cyclone,flood,severe,0.48,0,
a21567d5,2026-09-02 08:16:00,citizen_app,@user98891,Odisha,Mayurbhanj,21.943,86.75437,"Mayurbhanj traffic disrupted due to flooding, several vehicles stranded on the flyover. #IMD",flood,severe,0.75,0,
8b089f74,2026-07-12 06:31:00,whatsapp_forward,@user86240,Unverified,Noida,28.58049,77.40081,"BREAKING!!! Noida completely underwater, govt hiding the truth, share before it gets deleted!!! #Flood #HeatWave",heatwave,unverified,0.35,1,
9ec360d0,2026-09-04 16:20:00,news_wire,@CitizenReporterIN,Jharkhand,Jamshedpur,22.82256,86.21346,Farmers in Jamshedpur worried as heavy rainfall continues for the third day. #HeatWave,rainfall,moderate,0.95,0,
8308c65f,2026-09-07 22:37:00,twitter,@user33285,Assam,Dibrugarh,27.47811,94.86855,Just saw flooding hit Dibrugarh - power supply flickering in our area. #HeatWave,flood,moderate,0.6,0,
c8f18eec,2026-09-01 07:13:00,whatsapp_forward,@user79907,Delhi,New Delhi,28.5914,77.18132,"BREAKING!!! New Delhi completely underwater, govt hiding the truth, share before it gets deleted!!! #Cyclone",rainfall,moderate,0.02,1,
7f1766b6,2026-06-02 23:27:00,facebook,@user37500,Rajasthan,Bikaner,28.05068,73.27656,"School closed today in Bikaner because of a dust storm, notice came in this morning. #WeatherAlert",dust_storm,moderate,0.38,0,
f97c87c6,2026-05-28 11:00:00,twitter,@user43229,Rajasthan,Bikaner,27.98519,73.31496,"URGENT: dam near Bikaner about to burst, everyone evacuate NOW, forward to everyone you know #Monsoon2026 #Cyclone",heatwave,severe,0.02,1,
dedca25b,2026-09-01 18:17:00,news_wire,@IMDWeather_Alt,Uttar Pradesh,Kanpur,26.46955,80.33592,"Update from Kanpur: heavy rainfall continuing, local authorities have issued an advisory. #WeatherAlert #Monsoon2026",rainfall,moderate,0.94,0,3962e94b
816b9d63,2026-08-16 23:21:00,twitter,@user19355,Unverified,Jodhpur,26.27916,73.02681,"BREAKING!!! Jodhpur completely underwater, govt hiding the truth, share before it gets deleted!!! #Flood",flood,unverified,0.23,1,
d2e8713c,2026-09-02 06:43:00,news_wire,@IMDWeather_Alt,Chhattisgarh,Raipur,21.23256,81.61204,"Heavy flooding reported in Raipur, Chhattisgarh right now. Roads getting waterlogged near main market. #Flood",flood,severe,0.85,0,
ee2cd517,2026-09-01 08:49:00,news_wire,@DistrictAdmin_Official,Uttar Pradesh,Ghaziabad,28.63182,77.47075,"School closed today in Ghaziabad because of heavy rainfall, notice came in this morning. #HeatWave #DustStorm #Flood",rainfall,moderate,0.99,0,1d118f0f
1f6e6cf9,2026-05-30 08:50:00,whatsapp_forward,@DistrictAdmin_Official,Uttar Pradesh,Jhansi,25.48658,78.56869,"Jhansi traffic disrupted due to a heatwave, several vehicles stranded on the flyover. #WeatherAlert",heatwave,moderate,0.22,0,b38fa2c5
9ec4d6d3,2026-09-05 14:34:00,whatsapp_forward,@user25874,Delhi,Noida,28.48764,77.37878,"Heavy heavy rainfall reported in Noida, Delhi right now. Roads getting waterlogged near main market. #Monsoon2026 #StaySafe",rainfall,severe,0.26,0,
719c962f,2026-09-02 18:17:00,facebook,@user35465,Odisha,Sambalpur,21.4952,83.99768,"IMD had warned about this — flooding now active over Sambalpur, Odisha. #WeatherAlert #IMD #DustStorm",flood,severe,0.49,0,
fe1e1aad,2026-09-05 07:00:00,citizen_app,@user36825,Rajasthan,Alwar,27.56279,76.59896,Farmers in Alwar worried as heavy rainfall continues for the third day. #WeatherAlert #ColdWave,rainfall,moderate,0.73,0,
5b6c2326,2026-09-05 12:01:00,facebook,@user37335,Rajasthan,Alwar,27.52927,76.6802,"My cousin's friend said Alwar got 10 feet of water in one hour, whole city gone, unbelievable #HeatWave",rainfall,moderate,0.08,1,
2f88761a,2026-09-03 23:36:00,news_wire,@CitizenReporterIN,West Bengal,Kolkata,22.62012,88.33168,"Citizen report: heavy rainfall in Kolkata. Water level rising near the river bank, please avoid the area. #WeatherAlert #DustStorm #Monsoon2026",rainfall,moderate,0.93,0,
348cf648,2026-09-07 16:59:00,facebook,@user2227,Assam,Dibrugarh,27.50555,94.8978,"Heavy flooding reported in Dibrugarh, Assam right now. Roads getting waterlogged near main market. #Monsoon2026",flood,moderate,0.39,0,2f9f2412
d810f230,2026-09-05 07:02:00,instagram,@user18009,Delhi,Noida,28.50091,77.36931,"Noida experiencing heavy rainfall since morning, visibility very low on the highway. #StaySafe",rainfall,severe,0.39,0,9ec4d6d3
446aea52,2026-09-07 18:56:00,facebook,@user14274,Assam,Silchar,24.78852,92.81389,"BREAKING!!! Silchar completely underwater, govt hiding the truth, share before it gets deleted!!! #RainAlert #IMD",flood,moderate,0.12,1,
a1bc6fd0,2026-09-03 23:01:00,facebook,@user27309,Madhya Pradesh,Sagar,23.8709,78.73933,"Sagar ka mausam kharab, heavy rainfall ki wajah se traffic ruk gaya hai. #Flood #StaySafe",rainfall,severe,0.52,0,6b6bfc23
466516ab,2026-09-06 14:26:00,whatsapp_forward,@user90243,Bihar,Muzaffarpur,26.11183,85.34431,NDRF teams reportedly moving into Muzaffarpur as heavy rainfall worsens. #StaySafe,rainfall,moderate,0.29,0,
8f35f940,2026-09-07 20:00:00,twitter,@user46698,Assam,Guwahati,26.10871,91.74516,"IMD had warned about this — flooding now active over Guwahati, Assam. #RainAlert #Flood",flood,moderate,0.46,0,6bc60906
14cceb23,2026-09-07 11:54:00,facebook,@user91831,Assam,Dibrugarh,27.43562,94.8685,"Dibrugarh flooded because of cloud seeding conspiracy by neighbouring country, spread the word #StaySafe",flood,moderate,0.35,1,
a37ccef1,2026-06-02 08:02:00,instagram,@user86767,Rajasthan,Jodhpur,26.25392,72.9953,"Jodhpur mein bahut zyada a dust storm ho raha hai, sadkon par paani bhar gaya hai. #Cyclone",dust_storm,moderate,0.51,0,d1daed03
c68bb2a9,2026-09-05 17:16:00,citizen_app,@user60405,Maharashtra,Sindhudurg,16.18185,73.59688,Farmers in Sindhudurg worried as heavy rainfall continues for the third day. #RainAlert #ColdWave,rainfall,moderate,0.78,0,
304a0af0,2026-09-03 23:54:00,twitter,@user44327,West Bengal,Howrah,22.61931,88.22554,Farmers in Howrah worried as heavy rainfall continues for the third day. #Flood #Cyclone,rainfall,moderate,0.54,0,
cddb7196,2026-09-05 14:35:00,citizen_app,@user11780,Maharashtra,Ratnagiri,16.99163,73.30276,"Ratnagiri experiencing heavy rainfall since morning, visibility very low on the highway. #Flood #Monsoon2026 #DustStorm",rainfall,moderate,0.72,0,d009cfef
09a97e90,2026-09-01 22:04:00,citizen_app,@user54545,Uttar Pradesh,Meerut,29.01077,77.71895,"Update from Meerut: heavy rainfall continuing, local authorities have issued an advisory. #Flood",rainfall,moderate,0.74,0,
11ba874b,2026-09-01 15:00:00,citizen_app,@user65251,Uttar Pradesh,Ghaziabad,28.71758,77.48206,"Citizen report: heavy rainfall in Ghaziabad. Water level rising near the river bank, please avoid the area. #StaySafe",rainfall,moderate,0.67,0,
bba9a754,2026-05-30 11:07:00,instagram,@user6276,Uttar Pradesh,Jhansi,25.49734,78.58413,"Citizen report: a heatwave in Jhansi. Water level rising near the river bank, please avoid the area. #ColdWave #IMD #DustStorm",heatwave,moderate,0.38,0,
c5d68e4a,2026-01-16 14:17:00,facebook,@user46327,Haryana,Hisar,29.15255,75.72445,"100% confirmed Hisar bridge collapsed due to a cold wave, hundreds missing (unverified forward) #WeatherAlert",cold_wave,moderate,0.24,1,
cb9d150b,2026-09-02 12:04:00,instagram,@user18840,Odisha,Sambalpur,21.443,83.9571,"Citizen report: flooding in Sambalpur. Water level rising near the river bank, please avoid the area. #Monsoon2026 #HeatWave",flood,severe,0.51,0,
1d118f0f,2026-09-01 18:24:00,instagram,@user77556,Uttar Pradesh,Ghaziabad,28.68984,77.41022,"School closed today in Ghaziabad because of heavy rainfall, notice came in this morning. #IMD #RainAlert",rainfall,moderate,0.54,0,
49798731,2026-09-03 22:55:00,facebook,@user85819,West Bengal,Kolkata,22.5288,88.39234,"Heavy heavy rainfall reported in Kolkata, West Bengal right now. Roads getting waterlogged near main market. #Monsoon2026 #WeatherAlert",rainfall,moderate,0.46,0,6f258020
a4658ae1,2026-09-03 21:23:00,whatsapp_forward,@user7000,West Bengal,Kolkata,22.56785,88.32364,"Citizen report: heavy rainfall in Kolkata. Water level rising near the river bank, please avoid the area. #HeatWave #StaySafe",rainfall,moderate,0.33,0,
928bf5c0,2026-09-05 18:27:00,twitter,@user5850,Maharashtra,Panaji,15.46475,73.7928,"IMD had warned about this — heavy rainfall now active over Panaji, Maharashtra. #Monsoon2026 #StaySafe",rainfall,moderate,0.49,0,
a5fbfcb9,2026-06-04 09:54:00,instagram,@user50259,Delhi,Dwarka,28.55045,77.03732,"Heavy a dust storm reported in Dwarka, Delhi right now. Roads getting waterlogged near main market. #IMD #RainAlert #Cyclone",dust_storm,moderate,0.38,0,
0a7a95e2,2026-09-02 08:33:00,news_wire,@DistrictAdmin_Official,Chhattisgarh,Jashpur,22.92171,84.14513,"Update from Jashpur: flooding continuing, local authorities have issued an advisory. #StaySafe #IMD",flood,severe,0.86,0,fc4a6e98
73a9080d,2026-09-02 23:41:00,whatsapp_forward,@user82857,Chhattisgarh,Raipur,21.22113,81.63984,"Raipur ka mausam kharab, flooding ki wajah se traffic ruk gaya hai. #Monsoon2026 #Cyclone",flood,severe,0.21,0,
b84c2c7f,2026-09-05 11:16:00,twitter,@user23119,Maharashtra,Margao,15.32163,73.95865,NDRF teams reportedly moving into Margao as heavy rainfall worsens. #RainAlert #WeatherAlert #Monsoon2026,rainfall,moderate,0.46,0,
9e8c5e65,2026-09-06 09:05:00,news_wire,@NDRFHQ_Watch,Bihar,Patna,25.64091,85.14356,"Update from Patna: heavy rainfall continuing, local authorities have issued an advisory. #Monsoon2026 #DustStorm #Cyclone",rainfall,moderate,0.94,0,
744e4fcd,2026-09-03 08:59:00,twitter,@user14237,Madhya Pradesh,Sagar,23.85884,78.74656,"BREAKING!!! Sagar completely underwater, govt hiding the truth, share before it gets deleted!!! #Flood #Cyclone",rainfall,severe,0.22,1,
c1dc37cd,2026-09-03 20:09:00,citizen_app,@IMDWeather_Alt,Madhya Pradesh,Jabalpur,23.18551,80.00246,"Heavy heavy rainfall reported in Jabalpur, Madhya Pradesh right now. Roads getting waterlogged near main market. #Cyclone #StaySafe",rainfall,severe,0.74,0,
624d2ab0,2026-09-05 21:21:00,citizen_app,@user24582,Jammu and Kashmir,Srinagar,34.06073,74.82753,"Srinagar traffic disrupted due to heavy rainfall, several vehicles stranded on the flyover. #RainAlert #Cyclone",rainfall,moderate,0.71,0,62b52b7b
9085ae2b,2026-09-06 18:01:00,facebook,@user20978,Bihar,Gaya,24.80811,85.0284,"Abhi Gaya mein heavy rainfall shuru hua, log ghar ke andar hi hain. #Monsoon2026",rainfall,moderate,0.5,0,
6ec283b4,2026-06-02 08:34:00,citizen_app,@user68048,Rajasthan,Bikaner,27.99728,73.31625,"Bikaner experiencing a dust storm since morning, visibility very low on the highway. #IMD",dust_storm,moderate,0.83,0,
cae42141,2026-09-03 05:41:00,instagram,@user9288,West Bengal,Howrah,22.58656,88.25871,"Heavy heavy rainfall reported in Howrah, West Bengal right now. Roads getting waterlogged near main market. #WeatherAlert #StaySafe",rainfall,moderate,0.5,0,
f1baafdd,2026-09-02 18:21:00,whatsapp_forward,@user14178,Chhattisgarh,Balrampur,23.12328,83.57955,Just saw flooding hit Balrampur - power supply flickering in our area. #RainAlert #IMD #WeatherAlert,flood,severe,0.29,0,31a23c6c
dd61a5ea,2026-09-05 06:59:00,facebook,@user21715,Rajasthan,Jaipur,26.8678,75.77372,"Citizen report: heavy rainfall in Jaipur. Water level rising near the river bank, please avoid the area. #Monsoon2026 #IMD #WeatherAlert",rainfall,moderate,0.51,0,
989265b0,2026-09-03 20:50:00,whatsapp_forward,@user86323,Madhya Pradesh,Jabalpur,23.17009,80.00966,"My cousin's friend said Jabalpur got 10 feet of water in one hour, whole city gone, unbelievable #ColdWave #DustStorm",rainfall,severe,0.22,1,ee00d56d
35ed6b81,2026-08-16 14:39:00,twitter,@user22313,Unverified,Ahmedabad,23.00134,72.61835,"100% confirmed Ahmedabad bridge collapsed due to a cold wave, hundreds missing (unverified forward) #Monsoon2026",cold_wave,unverified,0.14,1,
a3de10bd,2026-09-06 12:45:00,citizen_app,@IMDWeather_Alt,Bihar,Muzaffarpur,26.13208,85.39603,"Abhi Muzaffarpur mein heavy rainfall shuru hua, log ghar ke andar hi hain. #StaySafe #Monsoon2026",rainfall,moderate,0.73,0,
1adc5aae,2026-09-06 09:03:00,facebook,@user5700,Bihar,Patna,25.61779,85.13673,"School closed today in Patna because of heavy rainfall, notice came in this morning. #RainAlert",rainfall,moderate,0.44,0,a6656bda
d91d3e48,2026-06-04 06:03:00,twitter,@user41449,Delhi,New Delhi,28.58267,77.17917,"New Delhi experiencing a dust storm since morning, visibility very low on the highway. #Cyclone #IMD #Monsoon2026",dust_storm,moderate,0.45,0,
62903d3d,2026-09-02 22:22:00,facebook,@user91893,Odisha,Sambalpur,21.47156,84.0052,"Abhi Sambalpur mein flooding shuru hua, log ghar ke andar hi hain. #RainAlert",flood,severe,0.53,0,
1a843399,2026-09-02 13:35:00,whatsapp_forward,@user40008,Chhattisgarh,Balrampur,23.09883,83.59073,"IMD had warned about this — flooding now active over Balrampur, Chhattisgarh. #Monsoon2026 #RainAlert #StaySafe",flood,severe,0.3,0,
b8aa61f9,2026-05-28 07:12:00,facebook,@DistrictAdmin_Official,Rajasthan,Jaisalmer,26.95297,70.91045,"Heavy a heatwave reported in Jaisalmer, Rajasthan right now. Roads getting waterlogged near main market. #Monsoon2026",heatwave,severe,0.54,0,dc2f68d7
d14eaa8f,2026-01-16 05:14:00,whatsapp_forward,@IMDWeather_Alt,Haryana,Hisar,29.16043,75.71103,"School closed today in Hisar because of a cold wave, notice came in this morning. #WeatherAlert #DustStorm #Cyclone",cold_wave,moderate,0.18,0,
af3ac4f3,2026-09-01 19:02:00,citizen_app,@user96991,Uttar Pradesh,Kanpur,26.4218,80.30091,"Update from Kanpur: heavy rainfall continuing, local authorities have issued an advisory. #WeatherAlert #IMD #HeatWave",rainfall,moderate,0.68,0,
f7431d19,2026-09-02 17:52:00,citizen_app,@user43982,Chhattisgarh,Balrampur,23.08322,83.62896,Just saw flooding hit Balrampur - power supply flickering in our area. #Cyclone,flood,severe,0.67,0,
8abf6982,2026-09-05 14:27:00,whatsapp_forward,@user92495,Rajasthan,Kota,25.21023,75.87814,"Kota ka mausam kharab, heavy rainfall ki wajah se traffic ruk gaya hai. #StaySafe #IMD",rainfall,moderate,0.34,0,
71ec909f,2026-06-02 11:52:00,news_wire,@CitizenReporterIN,Rajasthan,Jodhpur,26.24264,73.07218,"Jodhpur ka mausam kharab, a dust storm ki wajah se traffic ruk gaya hai. #HeatWave #StaySafe",dust_storm,moderate,0.84,0,
33b6e081,2026-09-06 17:02:00,news_wire,@IMDWeather_Alt,Bihar,Gaya,24.77099,84.95758,"Gaya ka mausam kharab, heavy rainfall ki wajah se traffic ruk gaya hai. #Flood #Cyclone",rainfall,moderate,0.88,0,
fd40bab2,2026-01-14 18:26:00,twitter,@user72102,Punjab,Amritsar,31.58544,74.90368,"IMD had warned about this — a cold wave now active over Amritsar, Punjab. #WeatherAlert #Monsoon2026 #StaySafe",cold_wave,moderate,0.54,0,
a8e402d5,2026-09-07 18:13:00,facebook,@user42720,Assam,Dibrugarh,27.49672,94.91831,"BREAKING!!! Dibrugarh completely underwater, govt hiding the truth, share before it gets deleted!!! #WeatherAlert #Flood",flood,moderate,0.39,1,
3bf1835c,2026-09-05 08:42:00,twitter,@user48876,Delhi,Gurugram,28.48307,77.00122,"Gurugram traffic disrupted due to heavy rainfall, several vehicles stranded on the flyover. #Cyclone #WeatherAlert",rainfall,severe,0.52,0,
75ed3242,2026-09-03 21:48:00,news_wire,@IMDWeather_Alt,West Bengal,Malda,25.02924,88.17375,"Abhi Malda mein heavy rainfall shuru hua, log ghar ke andar hi hain. #StaySafe",rainfall,moderate,0.82,0,
c87e44a5,2026-09-04 18:44:00,news_wire,@NDRFHQ_Watch,Jharkhand,Jamshedpur,22.77831,86.20003,"Update from Jamshedpur: heavy rainfall continuing, local authorities have issued an advisory. #ColdWave #RainAlert",rainfall,moderate,0.87,0,
98d82004,2026-09-05 14:01:00,twitter,@user41913,Uttarakhand,Rudraprayag,30.31941,79.01839,"My cousin's friend said Rudraprayag got 10 feet of water in one hour, whole city gone, unbelievable #WeatherAlert",rainfall,severe,0.29,1,9fb4af93
e4ffcd53,2026-09-05 15:57:00,twitter,@user18991,Uttarakhand,Dehradun,30.35554,78.06369,"IMD had warned about this — heavy rainfall now active over Dehradun, Uttarakhand. #Flood",rainfall,severe,0.47,0,
c0bfa53c,2026-09-03 21:33:00,whatsapp_forward,@user82033,Madhya Pradesh,Satna,24.59457,80.78853,Farmers in Satna worried as heavy rainfall continues for the third day. #Cyclone #RainAlert #DustStorm,rainfall,severe,0.17,0,
4bdd0cfb,2026-07-28 08:29:00,twitter,@user56683,Unverified,Mayurbhanj,21.92612,86.7187,"BREAKING!!! Mayurbhanj completely underwater, govt hiding the truth, share before it gets deleted!!! #DustStorm #HeatWave",cold_wave,unverified,0.02,1,
9c2871a9,2026-09-03 21:17:00,whatsapp_forward,@user92845,Madhya Pradesh,Satna,24.56286,80.80747,"Heavy heavy rainfall reported in Satna, Madhya Pradesh right now. Roads getting waterlogged near main market. #ColdWave #WeatherAlert",rainfall,severe,0.18,0,
3299cd13,2026-09-05 11:37:00,whatsapp_forward,@user60472,Uttarakhand,Haridwar,29.97224,78.11542,"My cousin's friend said Haridwar got 10 feet of water in one hour, whole city gone, unbelievable #Cyclone",rainfall,severe,0.19,1,3562ff14
f9524613,2026-09-05 10:12:00,whatsapp_forward,@CitizenReporterIN,Gujarat,Surat,21.15066,72.79824,"Heavy heavy rainfall reported in Surat, Gujarat right now. Roads getting waterlogged near main market. #Cyclone #Monsoon2026 #IMD",rainfall,moderate,0.21,0,63ae6312
b1dbef0f,2026-09-02 09:44:00,whatsapp_forward,@CitizenReporterIN,Odisha,Sambalpur,21.47813,83.9311,"Update from Sambalpur: flooding continuing, local authorities have issued an advisory. #IMD",flood,severe,0.34,0,
76f31a11,2026-01-16 20:07:00,instagram,@user69066,Haryana,Karnal,29.70204,76.96585,"Abhi Karnal mein a cold wave shuru hua, log ghar ke andar hi hain. #DustStorm #StaySafe",cold_wave,moderate,0.5,0,42b74c7a
4c5f5b11,2026-09-02 19:09:00,twitter,@user68568,Chhattisgarh,Jashpur,22.89905,84.13014,"Jashpur mein bahut zyada flooding ho raha hai, sadkon par paani bhar gaya hai. #Monsoon2026 #StaySafe",flood,severe,0.48,0,
b38fa2c5,2026-05-30 08:57:00,instagram,@NDRFHQ_Watch,Uttar Pradesh,Jhansi,25.42905,78.60063,"Abhi Jhansi mein a heatwave shuru hua, log ghar ke andar hi hain. #StaySafe #HeatWave",heatwave,moderate,0.54,0,
97745fba,2026-09-03 20:30:00,twitter,@user22134,West Bengal,Kharagpur,22.31642,87.34543,"Kharagpur traffic disrupted due to heavy rainfall, several vehicles stranded on the flyover. #WeatherAlert #Monsoon2026",rainfall,moderate,0.58,0,
574916b5,2026-05-30 20:46:00,citizen_app,@user87409,Uttar Pradesh,Prayagraj,25.48245,81.80218,Just saw a heatwave hit Prayagraj - power supply flickering in our area. #RainAlert #IMD #Flood,heatwave,moderate,0.83,0,ba7ea843
84313119,2026-07-13 09:02:00,twitter,@user92533,Unverified,Bikaner,27.99326,73.27561,"URGENT: dam near Bikaner about to burst, everyone evacuate NOW, forward to everyone you know #StaySafe #RainAlert",heatwave,unverified,0.2,1,
92794efa,2026-09-06 08:54:00,instagram,@user20405,Bihar,Patna,25.5557,85.17712,"Abhi Patna mein heavy rainfall shuru hua, log ghar ke andar hi hain. #Monsoon2026 #Cyclone",rainfall,moderate,0.37,0,a6656bda
3562ff14,2026-09-05 14:28:00,whatsapp_forward,@user40918,Uttarakhand,Haridwar,29.92027,78.16799,"Abhi Haridwar mein heavy rainfall shuru hua, log ghar ke andar hi hain. #RainAlert",rainfall,severe,0.3,0,
23b75b63,2026-01-14 18:24:00,citizen_app,@user87455,Punjab,Amritsar,31.67663,74.86818,NDRF teams reportedly moving into Amritsar as a cold wave worsens. #StaySafe,cold_wave,moderate,0.79,0,
dab4b66e,2026-06-04 08:17:00,citizen_app,@user72444,Delhi,Dwarka,28.56205,77.02887,NDRF teams reportedly moving into Dwarka as a dust storm worsens. #RainAlert #Monsoon2026,dust_storm,moderate,0.68,0,
7d798109,2026-07-22 19:25:00,twitter,@IMDWeather_Alt,Unverified,Moradabad,28.84898,78.7354,"URGENT: dam near Moradabad about to burst, everyone evacuate NOW, forward to everyone you know #WeatherAlert",rainfall,unverified,0.15,1,
7688b076,2026-09-05 15:34:00,whatsapp_forward,@user62455,Jammu and Kashmir,Srinagar,34.04254,74.79455,"Srinagar experiencing heavy rainfall since morning, visibility very low on the highway. #StaySafe #HeatWave #IMD",rainfall,moderate,0.24,0,
b2fbbabd,2026-09-02 14:17:00,facebook,@DistrictAdmin_Official,Chhattisgarh,Surguja,23.09807,83.17718,Farmers in Surguja worried as flooding continues for the third day. #ColdWave,flood,severe,0.48,0,
1a080bd0,2026-09-02 11:52:00,whatsapp_forward,@user74664,Chhattisgarh,Balrampur,23.09365,83.58406,"Abhi Balrampur mein flooding shuru hua, log ghar ke andar hi hain. #Monsoon2026 #RainAlert",flood,severe,0.29,0,31a23c6c
ab2c251c,2026-09-02 14:55:00,whatsapp_forward,@user59947,Odisha,Keonjhar,21.6339,85.60738,Just saw flooding hit Keonjhar - power supply flickering in our area. #WeatherAlert #RainAlert,flood,severe,0.2,0,
5b80766a,2026-09-05 17:44:00,whatsapp_forward,@user7870,Gujarat,Rajkot,22.27557,70.75564,"School closed today in Rajkot because of heavy rainfall, notice came in this morning. #IMD #StaySafe #WeatherAlert",rainfall,moderate,0.27,0,4a31efe8
2c9ac11d,2026-09-04 22:50:00,citizen_app,@user24425,Jharkhand,Ranchi,23.33646,85.29616,"Ranchi traffic disrupted due to heavy rainfall, several vehicles stranded on the flyover. #ColdWave",rainfall,moderate,0.72,0,
4817214e,2026-09-05 15:50:00,twitter,@user64999,Delhi,Noida,28.5088,77.42211,NDRF teams reportedly moving into Noida as heavy rainfall worsens. #WeatherAlert,rainfall,severe,0.62,0,
492bf354,2026-09-03 12:47:00,facebook,@user56112,Madhya Pradesh,Rewa,24.51227,81.33453,"Citizen report: heavy rainfall in Rewa. Water level rising near the river bank, please avoid the area. #WeatherAlert #RainAlert #DustStorm",rainfall,severe,0.51,0,
e7f7d457,2026-09-02 15:35:00,instagram,@user75205,Odisha,Sundargarh,22.14627,84.02307,"School closed today in Sundargarh because of flooding, notice came in this morning. #DustStorm #HeatWave",flood,severe,0.52,0,
6caeb9a2,2026-01-16 23:00:00,citizen_app,@user33441,Haryana,Karnal,29.66911,76.95825,"Update from Karnal: a cold wave continuing, local authorities have issued an advisory. #IMD #DustStorm #Monsoon2026",cold_wave,moderate,0.74,0,42b74c7a
91e0a2a6,2026-09-05 17:10:00,twitter,@IMDWeather_Alt,Gujarat,Rajkot,22.28181,70.76834,"Update from Rajkot: heavy rainfall continuing, local authorities have issued an advisory. #WeatherAlert #StaySafe",rainfall,moderate,0.59,0,4a31efe8
75edd3b4,2026-01-14 11:16:00,citizen_app,@user91053,Punjab,Ludhiana,30.88586,75.86245,"School closed today in Ludhiana because of a cold wave, notice came in this morning. #StaySafe #ColdWave",cold_wave,moderate,0.82,0,
5185e61c,2026-09-05 13:33:00,whatsapp_forward,@user82689,Uttarakhand,Nainital,29.39479,79.41297,"IMD had warned about this — heavy rainfall now active over Nainital, Uttarakhand. #Cyclone #DustStorm",rainfall,severe,0.22,0,b1a58391
84e11b1c,2026-09-05 14:38:00,instagram,@DistrictAdmin_Official,Delhi,Noida,28.57811,77.36641,"Noida traffic disrupted due to heavy rainfall, several vehicles stranded on the flyover. #IMD",rainfall,severe,0.55,0,
97e95c46,2026-09-05 14:26:00,citizen_app,@user14742,Gujarat,Ahmedabad,23.06335,72.59993,"School closed today in Ahmedabad because of heavy rainfall, notice came in this morning. #Monsoon2026 #DustStorm #StaySafe",rainfall,moderate,0.74,0,
f232b95f,2026-09-05 12:04:00,twitter,@user56864,Rajasthan,Jaipur,26.92352,75.82084,"Jaipur experiencing heavy rainfall since morning, visibility very low on the highway. #Monsoon2026",rainfall,moderate,0.52,0,
696eee8e,2026-09-06 11:54:00,facebook,@CitizenReporterIN,Bihar,Gaya,24.785,84.97967,Just saw heavy rainfall hit Gaya - power supply flickering in our area. #IMD,rainfall,moderate,0.48,0,
2b47731c,2026-01-14 21:16:00,citizen_app,@user39466,Punjab,Ludhiana,30.89393,75.86401,"Ludhiana experiencing a cold wave since morning, visibility very low on the highway. #Flood #IMD",cold_wave,moderate,0.77,0,
836ae6ec,2026-05-30 12:25:00,whatsapp_forward,@user91175,Uttar Pradesh,Prayagraj,25.48383,81.86131,"My cousin's friend said Prayagraj got 10 feet of water in one hour, whole city gone, unbelievable #ColdWave",heatwave,moderate,0.27,1,ba7ea843
0c3f2502,2026-09-02 06:26:00,facebook,@user95317,Chhattisgarh,Raigarh,21.8605,83.38267,NDRF teams reportedly moving into Raigarh as flooding worsens. #Monsoon2026,flood,severe,0.4,0,
711dc73b,2026-09-05 20:44:00,twitter,@NDRFHQ_Watch,Jammu and Kashmir,Srinagar,34.08832,74.784,"Citizen report: heavy rainfall in Srinagar. Water level rising near the river bank, please avoid the area. #Cyclone",rainfall,moderate,0.54,0,62b52b7b
032d754b,2026-09-02 23:41:00,news_wire,@DistrictAdmin_Official,Chhattisgarh,Raipur,21.29914,81.58863,"School closed today in Raipur because of flooding, notice came in this morning. #StaySafe #IMD #Monsoon2026",flood,severe,0.86,0,
dc160606,2026-08-08 11:27:00,twitter,@user11579,Unverified,Jashpur,22.91733,84.1402,"URGENT: dam near Jashpur about to burst, everyone evacuate NOW, forward to everyone you know #HeatWave",heatwave,unverified,0.18,1,
6944064e,2026-06-02 10:29:00,citizen_app,@user24083,Rajasthan,Bikaner,27.99607,73.33453,"School closed today in Bikaner because of a dust storm, notice came in this morning. #Monsoon2026",dust_storm,moderate,0.69,0,
b2eccad7,2026-07-11 21:16:00,twitter,@user43477,Unverified,Haridwar,29.98732,78.17871,"My cousin's friend said Haridwar got 10 feet of water in one hour, whole city gone, unbelievable #Cyclone",dust_storm,unverified,0.2,1,
51be320d,2026-09-03 15:27:00,twitter,@user18536,Madhya Pradesh,Rewa,24.51701,81.26023,"IMD had warned about this — heavy rainfall now active over Rewa, Madhya Pradesh. #StaySafe #Cyclone",rainfall,severe,0.52,0,
a3825ac1,2026-09-01 19:54:00,facebook,@user51422,Uttar Pradesh,Kanpur,26.49002,80.34966,"Abhi Kanpur mein heavy rainfall shuru hua, log ghar ke andar hi hain. #ColdWave #HeatWave",rainfall,moderate,0.52,0,3962e94b
ec411338,2026-09-01 05:46:00,whatsapp_forward,@user35522,Delhi,Dwarka,28.63058,77.07109,"IMD had warned about this — heavy rainfall now active over Dwarka, Delhi. #Flood #Monsoon2026",rainfall,moderate,0.34,0,
76f6b564,2026-09-05 08:40:00,facebook,@user64766,Rajasthan,Jaipur,26.93905,75.80208,"Jaipur traffic disrupted due to heavy rainfall, several vehicles stranded on the flyover. #RainAlert #HeatWave #ColdWave",rainfall,moderate,0.37,0,
efbdf370,2026-09-02 11:28:00,news_wire,@NDRFHQ_Watch,Odisha,Mayurbhanj,21.97171,86.70968,Farmers in Mayurbhanj worried as flooding continues for the third day. #Monsoon2026,flood,severe,0.97,0,d45a2ddd
ef611402,2026-09-02 10:03:00,citizen_app,@user41043,Odisha,Sundargarh,22.1317,83.9992,"Abhi Sundargarh mein flooding shuru hua, log ghar ke andar hi hain. #WeatherAlert #DustStorm",flood,severe,0.8,0,
25089815,2026-09-05 22:28:00,news_wire,@IMDWeather_Alt,Jammu and Kashmir,Jammu,32.77093,74.8874,"Jammu experiencing heavy rainfall since morning, visibility very low on the highway. #Cyclone #DustStorm",rainfall,moderate,0.83,0,
579d92eb,2026-09-04 12:41:00,news_wire,@IMDWeather_Alt,Jharkhand,Ranchi,23.3227,85.26296,Just saw heavy rainfall hit Ranchi - power supply flickering in our area. #Flood #IMD #DustStorm,rainfall,moderate,0.99,0,2c9ac11d
c7eca3b9,2026-09-01 23:25:00,facebook,@user19131,Delhi,New Delhi,28.60979,77.18549,Farmers in New Delhi worried as heavy rainfall continues for the third day. #Cyclone #ColdWave,rainfall,moderate,0.45,0,c8f18eec
e1ca6675,2026-09-05 06:05:00,news_wire,@DistrictAdmin_Official,Jammu and Kashmir,Jammu,32.7074,74.84758,"Jammu ka mausam kharab, heavy rainfall ki wajah se traffic ruk gaya hai. #DustStorm #Monsoon2026",rainfall,moderate,0.96,0,
3845323d,2026-09-05 05:30:00,instagram,@user91577,Maharashtra,Ratnagiri,17.01043,73.34226,"Ratnagiri experiencing heavy rainfall since morning, visibility very low on the highway. #Flood",rainfall,moderate,0.42,0,
c1958962,2026-09-05 17:30:00,instagram,@user70526,Jammu and Kashmir,Srinagar,34.03895,74.7937,Farmers in Srinagar worried as heavy rainfall continues for the third day. #ColdWave,rainfall,moderate,0.52,0,62b52b7b
707f6f9a,2026-07-29 05:51:00,facebook,@user91148,Unverified,Amritsar,31.63563,74.8785,"URGENT: dam near Amritsar about to burst, everyone evacuate NOW, forward to everyone you know #Flood",rainfall,unverified,0.07,1,
4edf08fe,2026-05-28 09:31:00,citizen_app,@user40498,Rajasthan,Barmer,25.79262,71.41953,"Update from Barmer: a heatwave continuing, local authorities have issued an advisory. #Cyclone #StaySafe #IMD",heatwave,severe,0.82,0,
358f7782,2026-05-28 18:59:00,facebook,@user63406,Rajasthan,Barmer,25.77568,71.41389,"Barmer traffic disrupted due to a heatwave, several vehicles stranded on the flyover. #Cyclone #WeatherAlert #DustStorm",heatwave,severe,0.55,0,
42b74c7a,2026-01-16 12:05:00,facebook,@user39828,Haryana,Karnal,29.70252,76.99268,"School closed today in Karnal because of a cold wave, notice came in this morning. #DustStorm #Monsoon2026",cold_wave,moderate,0.49,0,
35800595,2026-09-05 18:43:00,instagram,@user91507,Gujarat,Surat,21.15076,72.85488,"Citizen report: heavy rainfall in Surat. Water level rising near the river bank, please avoid the area. #RainAlert #ColdWave",rainfall,moderate,0.46,0,
08613b88,2026-05-30 13:00:00,news_wire,@DistrictAdmin_Official,Uttar Pradesh,Jhansi,25.43292,78.59263,"Jhansi traffic disrupted due to a heatwave, several vehicles stranded on the flyover. #Cyclone #Flood",heatwave,moderate,0.93,0,b38fa2c5
57ebc0b2,2026-09-05 11:33:00,whatsapp_forward,@user75714,Delhi,Noida,28.51589,77.43546,"BREAKING!!! Noida completely underwater, govt hiding the truth, share before it gets deleted!!! #RainAlert",rainfall,severe,0.35,1,9ec4d6d3
d99244f0,2026-06-04 21:44:00,whatsapp_forward,@user62628,Delhi,New Delhi,28.60042,77.1669,"BREAKING!!! New Delhi completely underwater, govt hiding the truth, share before it gets deleted!!! #Flood #Cyclone",dust_storm,moderate,0.17,1,
fda72bf8,2026-09-02 23:40:00,whatsapp_forward,@user55293,Odisha,Keonjhar,21.66631,85.55667,Just saw flooding hit Keonjhar - power supply flickering in our area. #ColdWave #Monsoon2026 #Flood,flood,severe,0.23,0,84c3d501
7ae2720d,2026-09-01 23:56:00,twitter,@user28869,Delhi,New Delhi,28.64073,77.16459,"New Delhi traffic disrupted due to heavy rainfall, several vehicles stranded on the flyover. #WeatherAlert #RainAlert",rainfall,moderate,0.58,0,
2315c7c1,2026-05-30 13:07:00,instagram,@user90650,Uttar Pradesh,Banda,25.50836,80.31734,NDRF teams reportedly moving into Banda as a heatwave worsens. #WeatherAlert,heatwave,moderate,0.46,0,142ea3c7
efcfe1d0,2026-01-16 23:41:00,instagram,@user61418,Haryana,Karnal,29.72249,76.99185,"IMD had warned about this — a cold wave now active over Karnal, Haryana. #Flood #HeatWave",cold_wave,moderate,0.53,0,
c08fb0c6,2026-06-02 17:43:00,twitter,@user15733,Rajasthan,Bikaner,27.99533,73.28457,"URGENT: dam near Bikaner about to burst, everyone evacuate NOW, forward to everyone you know #HeatWave #RainAlert",dust_storm,moderate,0.21,1,
4fcecc8e,2026-05-30 08:21:00,twitter,@user33737,Uttar Pradesh,Jhansi,25.41173,78.55383,"Jhansi traffic disrupted due to a heatwave, several vehicles stranded on the flyover. #DustStorm",heatwave,moderate,0.62,0,
264b3ebf,2026-09-01 11:44:00,citizen_app,@user51196,Uttar Pradesh,Moradabad,28.83325,78.77173,Farmers in Moradabad worried as heavy rainfall continues for the third day. #Monsoon2026 #DustStorm,rainfall,moderate,0.7,0,
a5cc0469,2026-09-06 11:58:00,twitter,@user96466,Bihar,Muzaffarpur,26.15067,85.40157,"Heavy heavy rainfall reported in Muzaffarpur, Bihar right now. Roads getting waterlogged near main market. #WeatherAlert #Flood #Cyclone",rainfall,moderate,0.51,0,
f8d5546a,2026-09-05 18:44:00,whatsapp_forward,@user82948,Jammu and Kashmir,Jammu,32.76671,74.90379,"100% confirmed Jammu bridge collapsed due to heavy rainfall, hundreds missing (unverified forward) #WeatherAlert #HeatWave",rainfall,moderate,0.22,1,
9bf018c8,2026-06-02 09:11:00,twitter,@user44888,Rajasthan,Bikaner,28.06855,73.29008,"Bikaner experiencing a dust storm since morning, visibility very low on the highway. #WeatherAlert #IMD",dust_storm,moderate,0.57,0,
766ebf89,2026-09-02 12:29:00,instagram,@user65665,Odisha,Sambalpur,21.44797,83.93424,"Sambalpur mein bahut zyada flooding ho raha hai, sadkon par paani bhar gaya hai. #Cyclone #HeatWave",flood,severe,0.55,0,
6b963882,2026-09-02 20:14:00,facebook,@user50207,Odisha,Balasore,21.48791,86.96557,"Balasore flooded because of cloud seeding conspiracy by neighbouring country, spread the word #DustStorm #IMD",flood,severe,0.28,1,
0b6bd383,2026-09-02 09:50:00,facebook,@user28124,Odisha,Keonjhar,21.66623,85.54344,NDRF teams reportedly moving into Keonjhar as flooding worsens. #DustStorm #ColdWave #Flood,flood,severe,0.51,0,
47f6d72c,2026-09-01 19:32:00,facebook,@user13999,Uttar Pradesh,Lucknow,26.82891,80.91103,NDRF teams reportedly moving into Lucknow as heavy rainfall worsens. #DustStorm #ColdWave #HeatWave,rainfall,moderate,0.51,0,6f2f190d
c4d6cc1b,2026-09-03 20:49:00,whatsapp_forward,@user11986,West Bengal,Malda,25.03494,88.16725,"Malda traffic disrupted due to heavy rainfall, several vehicles stranded on the flyover. #HeatWave",rainfall,moderate,0.21,0,
563718e4,2026-06-04 16:26:00,citizen_app,@user71189,Delhi,Dwarka,28.55134,77.08616,"IMD had warned about this — a dust storm now active over Dwarka, Delhi. #RainAlert",dust_storm,moderate,0.79,0,b8825b72
9dcd4742,2026-09-05 21:52:00,twitter,@user8157,Gujarat,Ahmedabad,23.00679,72.55828,"Update from Ahmedabad: heavy rainfall continuing, local authorities have issued an advisory. #RainAlert",rainfall,moderate,0.53,0,9d95a264
37f0f8a1,2026-09-05 05:36:00,instagram,@user96802,Jammu and Kashmir,Srinagar,34.08464,74.80251,Just saw heavy rainfall hit Srinagar - power supply flickering in our area. #ColdWave,rainfall,moderate,0.4,0,
7615dd3a,2026-09-05 20:26:00,facebook,@user73459,Gujarat,Rajkot,22.34847,70.77617,Farmers in Rajkot worried as heavy rainfall continues for the third day. #WeatherAlert #RainAlert,rainfall,moderate,0.37,0,
ff7e710b,2026-09-02 16:54:00,instagram,@user23613,Odisha,Keonjhar,21.67629,85.56304,NDRF teams reportedly moving into Keonjhar as flooding worsens. #DustStorm,flood,severe,0.51,0,
9e442415,2026-09-05 20:47:00,whatsapp_forward,@user44610,Maharashtra,Margao,15.27708,73.96792,"Heavy heavy rainfall reported in Margao, Maharashtra right now. Roads getting waterlogged near main market. #WeatherAlert #Monsoon2026",rainfall,moderate,0.29,0,
2fd5cc57,2026-09-05 12:16:00,citizen_app,@user41536,Maharashtra,Margao,15.2695,74.00777,"Margao ka mausam kharab, heavy rainfall ki wajah se traffic ruk gaya hai. #IMD",rainfall,moderate,0.78,0,
be78f22d,2026-08-17 14:11:00,twitter,@user89987,Unverified,Noida,28.51037,77.40885,"My cousin's friend said Noida got 10 feet of water in one hour, whole city gone, unbelievable #WeatherAlert #HeatWave",dust_storm,unverified,0.29,1,
9a8f6ed6,2026-09-01 07:29:00,facebook,@user83544,Delhi,Karol Bagh,28.66918,77.16336,"Heavy heavy rainfall reported in Karol Bagh, Delhi right now. Roads getting waterlogged near main market. #Monsoon2026",rainfall,moderate,0.47,0,
41770324,2026-09-06 14:39:00,twitter,@user81837,Bihar,Gaya,24.74729,84.98889,"School closed today in Gaya because of heavy rainfall, notice came in this morning. #ColdWave #Monsoon2026",rainfall,moderate,0.52,0,
80f2e5f0,2026-09-07 15:01:00,citizen_app,@user18527,Assam,Dibrugarh,27.52076,94.93278,"Citizen report: flooding in Dibrugarh. Water level rising near the river bank, please avoid the area. #RainAlert #Monsoon2026",flood,moderate,0.78,0,2f9f2412
2483cbe0,2026-09-07 07:03:00,citizen_app,@user18047,Assam,Guwahati,26.15274,91.76848,"Update from Guwahati: flooding continuing, local authorities have issued an advisory. #ColdWave #Cyclone #WeatherAlert",flood,moderate,0.75,0,
0fe8fcee,2026-09-05 10:35:00,whatsapp_forward,@user45238,Delhi,Noida,28.52702,77.35155,"School closed today in Noida because of heavy rainfall, notice came in this morning. #ColdWave #WeatherAlert #Flood",rainfall,severe,0.28,0,
2a53d705,2026-09-05 19:34:00,whatsapp_forward,@user70945,Rajasthan,Udaipur,24.55592,73.73321,"Citizen report: heavy rainfall in Udaipur. Water level rising near the river bank, please avoid the area. #DustStorm",rainfall,moderate,0.21,0,
5922da3e,2026-09-01 07:48:00,citizen_app,@user17483,Delhi,Dwarka,28.55329,77.0323,Just saw heavy rainfall hit Dwarka - power supply flickering in our area. #WeatherAlert #Cyclone #Monsoon2026,rainfall,moderate,0.68,0,
5a3c869b,2026-09-01 14:14:00,whatsapp_forward,@user57881,Uttar Pradesh,Kanpur,26.4379,80.31357,"School closed today in Kanpur because of heavy rainfall, notice came in this morning. #IMD #WeatherAlert #RainAlert",rainfall,moderate,0.35,0,
45f662b6,2026-09-02 09:50:00,news_wire,@IMDWeather_Alt,Odisha,Balasore,21.47413,86.9381,"Balasore traffic disrupted due to flooding, several vehicles stranded on the flyover. #StaySafe #DustStorm #ColdWave",flood,severe,0.9,0,
6fa075ef,2026-09-05 13:33:00,citizen_app,@user32359,Rajasthan,Jaipur,26.93307,75.79667,"School closed today in Jaipur because of heavy rainfall, notice came in this morning. #Flood #RainAlert #Cyclone",rainfall,moderate,0.84,0,
cb1be4a1,2026-09-05 08:34:00,news_wire,@NDRFHQ_Watch,Rajasthan,Alwar,27.51245,76.65986,"Citizen report: heavy rainfall in Alwar. Water level rising near the river bank, please avoid the area. #HeatWave #Cyclone #DustStorm",rainfall,moderate,0.96,0,32d6aee0
df87c435,2026-09-03 11:29:00,citizen_app,@user25979,West Bengal,Kolkata,22.59685,88.35482,Just saw heavy rainfall hit Kolkata - power supply flickering in our area. #ColdWave,rainfall,moderate,0.79,0,6f258020
b2c69667,2026-01-14 18:38:00,news_wire,@NDRFHQ_Watch,Punjab,Ludhiana,30.86129,75.88662,Just saw a cold wave hit Ludhiana - power supply flickering in our area. #Monsoon2026 #ColdWave #Cyclone,cold_wave,moderate,0.96,0,
35d394ad,2026-09-05 09:54:00,citizen_app,@user97969,Gujarat,Surat,21.13986,72.81402,"IMD had warned about this — heavy rainfall now active over Surat, Gujarat. #Cyclone",rainfall,moderate,0.76,0,
a670340d,2026-09-03 17:23:00,facebook,@user11202,West Bengal,Kharagpur,22.37826,87.30611,"Kharagpur flooded because of cloud seeding conspiracy by neighbouring country, spread the word #HeatWave #StaySafe",rainfall,moderate,0.1,1,
d2593366,2026-05-30 13:54:00,whatsapp_forward,@user63689,Uttar Pradesh,Prayagraj,25.45234,81.87643,"Abhi Prayagraj mein a heatwave shuru hua, log ghar ke andar hi hain. #StaySafe #WeatherAlert",heatwave,moderate,0.28,0,ba7ea843
4fe412b8,2026-09-02 07:12:00,whatsapp_forward,@user78015,Chhattisgarh,Surguja,23.15071,83.15625,"Heavy flooding reported in Surguja, Chhattisgarh right now. Roads getting waterlogged near main market. #ColdWave #IMD",flood,severe,0.29,0,
17ecaad1,2026-09-01 22:00:00,whatsapp_forward,@user91573,Delhi,Rohini,28.69985,77.08361,"Update from Rohini: heavy rainfall continuing, local authorities have issued an advisory. #Monsoon2026 #StaySafe #ColdWave",rainfall,moderate,0.33,0,
f3a4cc32,2026-09-02 13:15:00,instagram,@user65985,Odisha,Mayurbhanj,21.92781,86.69603,"IMD had warned about this — flooding now active over Mayurbhanj, Odisha. #WeatherAlert #DustStorm",flood,severe,0.47,0,d45a2ddd
91ea99ff,2026-09-04 22:54:00,whatsapp_forward,@user53219,Jharkhand,Jamshedpur,22.80456,86.25246,"Citizen report: heavy rainfall in Jamshedpur. Water level rising near the river bank, please avoid the area. #HeatWave #Cyclone",rainfall,moderate,0.17,0,aa1df800
4419140d,2026-09-05 07:27:00,facebook,@user68713,Delhi,New Delhi,28.61996,77.19848,"New Delhi traffic disrupted due to heavy rainfall, several vehicles stranded on the flyover. #RainAlert #HeatWave",rainfall,severe,0.5,0,
e0050336,2026-09-04 09:33:00,instagram,@user4744,Jharkhand,Dhanbad,23.80751,86.38883,Just saw heavy rainfall hit Dhanbad - power supply flickering in our area. #HeatWave #Monsoon2026 #Flood,rainfall,moderate,0.36,0,
b56c0008,2026-09-01 22:21:00,twitter,@user16118,Delhi,Karol Bagh,28.64175,77.16876,"IMD had warned about this — heavy rainfall now active over Karol Bagh, Delhi. #StaySafe #ColdWave",rainfall,moderate,0.63,0,
f8d35a4c,2026-09-03 06:35:00,whatsapp_forward,@user71736,West Bengal,Kharagpur,22.36941,87.35866,"Kharagpur ka mausam kharab, heavy rainfall ki wajah se traffic ruk gaya hai. #Cyclone #RainAlert",rainfall,moderate,0.24,0,
bc843c89,2026-09-02 18:27:00,twitter,@user11803,Odisha,Sundargarh,22.07345,84.00952,"BREAKING!!! Sundargarh completely underwater, govt hiding the truth, share before it gets deleted!!! #StaySafe #HeatWave",flood,severe,0.24,1,
02f03e3a,2026-09-04 14:23:00,citizen_app,@user21410,Jharkhand,Dhanbad,23.79805,86.44435,"School closed today in Dhanbad because of heavy rainfall, notice came in this morning. #RainAlert #WeatherAlert #Monsoon2026",rainfall,moderate,0.71,0,8853d3a2
ee00d56d,2026-09-03 23:45:00,whatsapp_forward,@user15538,Madhya Pradesh,Jabalpur,23.22329,79.95655,"Scientists confirm heavy rainfall in Jabalpur caused by secret weather weapon testing, wake up people #DustStorm",rainfall,severe,0.17,1,
b57ee671,2026-08-12 19:01:00,facebook,@user4463,Unverified,Hisar,29.14958,75.74022,"My cousin's friend said Hisar got 10 feet of water in one hour, whole city gone, unbelievable #ColdWave #Monsoon2026",dust_storm,unverified,0.34,1,
f195b967,2026-01-16 21:06:00,news_wire,@DistrictAdmin_Official,Haryana,Karnal,29.66975,77.0219,"Citizen report: a cold wave in Karnal. Water level rising near the river bank, please avoid the area. #Monsoon2026 #Flood",cold_wave,moderate,0.84,0,
377f85d5,2026-09-05 17:40:00,citizen_app,@user22753,Uttarakhand,Rudraprayag,30.30315,79.01115,"Rudraprayag mein bahut zyada heavy rainfall ho raha hai, sadkon par paani bhar gaya hai. #IMD #DustStorm",rainfall,severe,0.76,0,
2979038f,2026-09-02 06:37:00,whatsapp_forward,@user69712,Chhattisgarh,Jashpur,22.91848,84.16253,NDRF teams reportedly moving into Jashpur as flooding worsens. #HeatWave #RainAlert,flood,severe,0.28,0,
ded30cd1,2026-09-02 06:05:00,instagram,@user50436,Odisha,Balasore,21.48389,86.91901,Just saw flooding hit Balasore - power supply flickering in our area. #RainAlert #HeatWave #WeatherAlert,flood,severe,0.46,0,da9df0cb
1a16550a,2026-08-10 13:24:00,facebook,@user9906,Unverified,Korba,22.31959,82.74997,"Korba flooded because of cloud seeding conspiracy by neighbouring country, spread the word #IMD #RainAlert",cold_wave,unverified,0.32,1,
4c46d58a,2026-05-30 10:25:00,twitter,@user14282,Uttar Pradesh,Jhansi,25.39899,78.56454,"Scientists confirm a heatwave in Jhansi caused by secret weather weapon testing, wake up people #IMD",heatwave,moderate,0.21,1,b38fa2c5
44c4b077,2026-09-02 22:51:00,citizen_app,@user98080,Odisha,Sambalpur,21.41813,83.9302,"Update from Sambalpur: flooding continuing, local authorities have issued an advisory. #IMD",flood,severe,0.78,0,b1dbef0f
5b0545d5,2026-09-07 20:46:00,news_wire,@CitizenReporterIN,Assam,Guwahati,26.14713,91.74502,"IMD had warned about this — flooding now active over Guwahati, Assam. #Monsoon2026 #ColdWave #Cyclone",flood,moderate,0.96,0,6bc60906
6d7a187a,2026-09-05 18:55:00,whatsapp_forward,@user92146,Jammu and Kashmir,Srinagar,34.0481,74.83579,"Update from Srinagar: heavy rainfall continuing, local authorities have issued an advisory. #Flood",rainfall,moderate,0.27,0,
9b13fb05,2026-09-06 19:26:00,whatsapp_forward,@user1863,Bihar,Muzaffarpur,26.14576,85.35053,"Update from Muzaffarpur: heavy rainfall continuing, local authorities have issued an advisory. #RainAlert",rainfall,moderate,0.2,0,
7e49f3b5,2026-09-02 22:29:00,twitter,@user41392,Chhattisgarh,Surguja,23.07509,83.19804,Farmers in Surguja worried as flooding continues for the third day. #Monsoon2026 #IMD,flood,severe,0.59,0,
5c58f237,2026-09-05 14:10:00,news_wire,@CitizenReporterIN,Rajasthan,Alwar,27.53381,76.62916,"Alwar ka mausam kharab, heavy rainfall ki wajah se traffic ruk gaya hai. #ColdWave #Monsoon2026",rainfall,moderate,0.95,0,
35934709,2026-09-05 14:28:00,twitter,@user77767,Gujarat,Ahmedabad,23.05511,72.52207,"Ahmedabad mein bahut zyada heavy rainfall ho raha hai, sadkon par paani bhar gaya hai. #Flood",rainfall,moderate,0.63,0,
bae1a55b,2026-09-02 21:02:00,twitter,@user10034,Odisha,Sambalpur,21.50849,83.95759,"Sambalpur experiencing flooding since morning, visibility very low on the highway. #IMD #Flood #RainAlert",flood,severe,0.63,0,
f35f9ee8,2026-09-03 12:53:00,twitter,@user19705,West Bengal,Malda,25.0336,88.17323,NDRF teams reportedly moving into Malda as heavy rainfall worsens. #Monsoon2026 #Flood,rainfall,moderate,0.61,0,
9fb4af93,2026-09-05 14:16:00,citizen_app,@user41340,Uttarakhand,Rudraprayag,30.3345,78.9726,Just saw heavy rainfall hit Rudraprayag - power supply flickering in our area. #RainAlert,rainfall,severe,0.71,0,
02e31ba7,2026-09-05 07:15:00,whatsapp_forward,@user12980,Delhi,New Delhi,28.66078,77.21711,NDRF teams reportedly moving into New Delhi as heavy rainfall worsens. #DustStorm,rainfall,severe,0.29,0,
17c5c85f,2026-01-14 13:59:00,news_wire,@IMDWeather_Alt,Punjab,Ludhiana,30.88528,75.84198,"Heavy a cold wave reported in Ludhiana, Punjab right now. Roads getting waterlogged near main market. #StaySafe",cold_wave,moderate,0.84,0,
eb7b96dd,2026-09-02 16:34:00,citizen_app,@user62736,Odisha,Sundargarh,22.11953,84.08107,"Update from Sundargarh: flooding continuing, local authorities have issued an advisory. #Cyclone #ColdWave",flood,severe,0.84,0,
d61c759b,2026-07-29 15:59:00,whatsapp_forward,@user35410,Unverified,Gurugram,28.44743,77.04259,"BREAKING!!! Gurugram completely underwater, govt hiding the truth, share before it gets deleted!!! #IMD #StaySafe",flood,unverified,0.45,1,
3fca89e0,2026-09-01 15:16:00,citizen_app,@user53976,Uttar Pradesh,Meerut,28.96748,77.72577,"Meerut traffic disrupted due to heavy rainfall, several vehicles stranded on the flyover. #IMD #Monsoon2026 #WeatherAlert",rainfall,moderate,0.82,0,
edb1aa1a,2026-09-02 22:35:00,whatsapp_forward,@user3192,Odisha,Balasore,21.48152,86.94348,"School closed today in Balasore because of flooding, notice came in this morning. #Monsoon2026 #IMD #StaySafe",flood,severe,0.26,0,
493121f4,2026-05-30 18:04:00,whatsapp_forward,@user35167,Uttar Pradesh,Banda,25.44037,80.37131,"URGENT: dam near Banda about to burst, everyone evacuate NOW, forward to everyone you know #Cyclone",heatwave,moderate,0.11,1,
e2f06bb7,2026-09-02 05:31:00,facebook,@user24028,Chhattisgarh,Raipur,21.20217,81.60974,"IMD had warned about this — flooding now active over Raipur, Chhattisgarh. #DustStorm #WeatherAlert",flood,severe,0.38,0,
1f273b4f,2026-09-05 13:12:00,twitter,@IMDWeather_Alt,Jammu and Kashmir,Udhampur,32.8781,75.10137,"Citizen report: heavy rainfall in Udhampur. Water level rising near the river bank, please avoid the area. #HeatWave",rainfall,moderate,0.46,0,
cbb241b2,2026-09-02 12:22:00,facebook,@user7416,Odisha,Sambalpur,21.48737,83.98593,"Citizen report: flooding in Sambalpur. Water level rising near the river bank, please avoid the area. #WeatherAlert",flood,severe,0.49,0,
24c3dc32,2026-09-02 21:35:00,whatsapp_forward,@user32685,Chhattisgarh,Jashpur,22.87282,84.10437,"Citizen report: flooding in Jashpur. Water level rising near the river bank, please avoid the area. #Flood #DustStorm",flood,severe,0.24,0,
1ab3eed5,2026-07-19 11:31:00,twitter,@user47787,Unverified,Howrah,22.60641,88.26147,"100% confirmed Howrah bridge collapsed due to a heatwave, hundreds missing (unverified forward) #WeatherAlert",heatwave,unverified,0.23,1,
b2d0e8ef,2026-09-03 17:19:00,whatsapp_forward,@user39602,Madhya Pradesh,Jabalpur,23.14892,80.03327,NDRF teams reportedly moving into Jabalpur as heavy rainfall worsens. #RainAlert #Flood,rainfall,severe,0.18,0,
01507505,2026-09-05 15:38:00,news_wire,@DistrictAdmin_Official,Delhi,Noida,28.57885,77.43125,"Citizen report: heavy rainfall in Noida. Water level rising near the river bank, please avoid the area. #ColdWave #Cyclone",rainfall,severe,0.91,0,9ec4d6d3
d735ffef,2026-09-05 05:06:00,twitter,@user9942,Maharashtra,Ratnagiri,16.95494,73.30746,"School closed today in Ratnagiri because of heavy rainfall, notice came in this morning. #Flood",rainfall,moderate,0.55,0,d009cfef
c7c45c80,2026-09-01 20:05:00,facebook,@user54523,Uttar Pradesh,Meerut,29.01664,77.71402,"School closed today in Meerut because of heavy rainfall, notice came in this morning. #Flood #ColdWave",rainfall,moderate,0.42,0,
8596cbac,2026-09-05 11:29:00,citizen_app,@user87240,Gujarat,Rajkot,22.27714,70.76279,"Rajkot traffic disrupted due to heavy rainfall, several vehicles stranded on the flyover. #DustStorm #IMD #ColdWave",rainfall,moderate,0.81,0,
31e70861,2026-09-05 17:22:00,twitter,@user80058,Maharashtra,Ratnagiri,16.9997,73.36107,"Ratnagiri traffic disrupted due to heavy rainfall, several vehicles stranded on the flyover. #Monsoon2026 #HeatWave #StaySafe",rainfall,moderate,0.64,0,
b71e8ee8,2026-09-05 11:07:00,whatsapp_forward,@user13541,Rajasthan,Jaipur,26.8804,75.78729,"100% confirmed Jaipur bridge collapsed due to heavy rainfall, hundreds missing (unverified forward) #DustStorm #ColdWave",rainfall,moderate,0.13,1,
0520395c,2026-09-05 15:01:00,whatsapp_forward,@user77681,Gujarat,Rajkot,22.32169,70.84944,"Update from Rajkot: heavy rainfall continuing, local authorities have issued an advisory. #DustStorm #Monsoon2026 #WeatherAlert",rainfall,moderate,0.24,0,
6721767d,2026-09-03 14:43:00,news_wire,@NDRFHQ_Watch,West Bengal,Kolkata,22.55399,88.38758,Just saw heavy rainfall hit Kolkata - power supply flickering in our area. #Cyclone,rainfall,moderate,0.98,0,6f258020
31fab195,2026-09-02 10:35:00,whatsapp_forward,@user74380,Odisha,Mayurbhanj,21.89001,86.77462,"Mayurbhanj mein bahut zyada flooding ho raha hai, sadkon par paani bhar gaya hai. #StaySafe",flood,severe,0.24,0,
b8e3eac2,2026-09-05 09:45:00,instagram,@user49448,Rajasthan,Alwar,27.60058,76.62404,NDRF teams reportedly moving into Alwar as heavy rainfall worsens. #IMD #DustStorm #ColdWave,rainfall,moderate,0.43,0,32d6aee0
1b7a16cf,2026-09-02 18:39:00,news_wire,@CitizenReporterIN,Odisha,Sundargarh,22.07354,84.03963,"School closed today in Sundargarh because of flooding, notice came in this morning. #RainAlert #Flood",flood,severe,0.97,0,e7f7d457
9d8ef519,2026-09-05 11:13:00,facebook,@user42497,Jammu and Kashmir,Jammu,32.74021,74.80702,"School closed today in Jammu because of heavy rainfall, notice came in this morning. #HeatWave #ColdWave #Monsoon2026",rainfall,moderate,0.41,0,
267e9011,2026-09-05 19:20:00,news_wire,@CitizenReporterIN,Maharashtra,Ratnagiri,16.97456,73.34797,"Ratnagiri mein bahut zyada heavy rainfall ho raha hai, sadkon par paani bhar gaya hai. #WeatherAlert #ColdWave",rainfall,moderate,0.89,0,d009cfef
b4ba4ce2,2026-09-05 12:43:00,news_wire,@IMDWeather_Alt,Uttarakhand,Dehradun,30.27718,78.00067,NDRF teams reportedly moving into Dehradun as heavy rainfall worsens. #Cyclone #RainAlert #StaySafe,rainfall,severe,0.87,0,
0fc7e662,2026-09-02 06:18:00,twitter,@user18750,Chhattisgarh,Surguja,23.14058,83.20483,"Surguja experiencing flooding since morning, visibility very low on the highway. #IMD #WeatherAlert #Monsoon2026",flood,severe,0.6,0,
a94d23ff,2026-09-05 05:33:00,facebook,@user26106,Maharashtra,Ratnagiri,16.99026,73.33486,"Ratnagiri experiencing heavy rainfall since morning, visibility very low on the highway. #Cyclone",rainfall,moderate,0.54,0,d009cfef
62b32468,2026-05-30 06:06:00,news_wire,@NDRFHQ_Watch,Uttar Pradesh,Prayagraj,25.45092,81.83252,"Prayagraj mein bahut zyada a heatwave ho raha hai, sadkon par paani bhar gaya hai. #ColdWave #Flood",heatwave,moderate,0.99,0,ba7ea843
d63f0771,2026-09-02 18:54:00,twitter,@user58104,Chhattisgarh,Raipur,21.24317,81.59112,"Update from Raipur: flooding continuing, local authorities have issued an advisory. #Monsoon2026 #DustStorm #WeatherAlert",flood,severe,0.57,0,
3bd7c884,2026-05-28 22:09:00,instagram,@user24029,Rajasthan,Jaisalmer,26.88129,70.95368,"Abhi Jaisalmer mein a heatwave shuru hua, log ghar ke andar hi hain. #WeatherAlert #HeatWave",heatwave,severe,0.4,0,
d4129d57,2026-09-03 22:35:00,whatsapp_forward,@IMDWeather_Alt,West Bengal,Kolkata,22.55421,88.41197,"Kolkata experiencing heavy rainfall since morning, visibility very low on the highway. #ColdWave #IMD",rainfall,moderate,0.31,0,
7ec59e3c,2026-05-28 12:15:00,whatsapp_forward,@user48371,Rajasthan,Bikaner,28.04806,73.29676,"Citizen report: a heatwave in Bikaner. Water level rising near the river bank, please avoid the area. #IMD #ColdWave #StaySafe",heatwave,severe,0.28,0,
42e86304,2026-01-14 18:06:00,twitter,@user99530,Punjab,Amritsar,31.64604,74.91481,"Amritsar experiencing a cold wave since morning, visibility very low on the highway. #IMD",cold_wave,moderate,0.57,0,
18dc4829,2026-09-06 13:39:00,instagram,@user35571,Bihar,Patna,25.57543,85.18545,"IMD had warned about this — heavy rainfall now active over Patna, Bihar. #DustStorm #ColdWave #HeatWave",rainfall,moderate,0.45,0,
171fb8d5,2026-07-05 17:31:00,twitter,@CitizenReporterIN,Unverified,Ahmedabad,23.02239,72.52478,"Ahmedabad flooded because of cloud seeding conspiracy by neighbouring country, spread the word #HeatWave #WeatherAlert",rainfall,unverified,0.14,1,
d07b5812,2026-09-03 09:57:00,instagram,@user35502,West Bengal,Kharagpur,22.32474,87.35118,"Update from Kharagpur: heavy rainfall continuing, local authorities have issued an advisory. #Cyclone #WeatherAlert #HeatWave",rainfall,moderate,0.5,0,
aa1df800,2026-09-04 16:09:00,citizen_app,@user16712,Jharkhand,Jamshedpur,22.77457,86.22644,Just saw heavy rainfall hit Jamshedpur - power supply flickering in our area. #Cyclone,rainfall,moderate,0.83,0,
919f3c70,2026-09-02 23:00:00,whatsapp_forward,@user97039,Odisha,Keonjhar,21.65659,85.57199,"Citizen report: flooding in Keonjhar. Water level rising near the river bank, please avoid the area. #Monsoon2026 #DustStorm",flood,severe,0.17,0,
54619797,2026-07-25 21:44:00,twitter,@user81264,Unverified,Silchar,24.80983,92.79681,"My cousin's friend said Silchar got 10 feet of water in one hour, whole city gone, unbelievable #HeatWave #Cyclone",cold_wave,unverified,0.12,1,
e591c919,2026-05-28 06:58:00,whatsapp_forward,@user33550,Rajasthan,Jaisalmer,26.89455,70.86067,Just saw a heatwave hit Jaisalmer - power supply flickering in our area. #StaySafe,heatwave,severe,0.31,0,
c689b4f0,2026-09-05 23:40:00,twitter,@user92667,Jammu and Kashmir,Jammu,32.74415,74.81759,"Abhi Jammu mein heavy rainfall shuru hua, log ghar ke andar hi hain. #Cyclone",rainfall,moderate,0.54,0,
f4fc3c5e,2026-09-02 17:04:00,whatsapp_forward,@user9163,Odisha,Sambalpur,21.50663,83.97758,"School closed today in Sambalpur because of flooding, notice came in this morning. #WeatherAlert #Cyclone #Flood",flood,severe,0.24,0,
147ae68b,2026-09-05 13:07:00,instagram,@IMDWeather_Alt,Uttarakhand,Rudraprayag,30.26326,78.98443,"IMD had warned about this — heavy rainfall now active over Rudraprayag, Uttarakhand. #Flood",rainfall,severe,0.39,0,
17b0c130,2026-09-06 21:39:00,news_wire,@CitizenReporterIN,Bihar,Patna,25.60474,85.15468,"Heavy heavy rainfall reported in Patna, Bihar right now. Roads getting waterlogged near main market. #HeatWave",rainfall,moderate,0.86,0,
95167cb1,2026-09-02 09:08:00,twitter,@CitizenReporterIN,Chhattisgarh,Raigarh,21.8848,83.38362,"Heavy flooding reported in Raigarh, Chhattisgarh right now. Roads getting waterlogged near main market. #WeatherAlert #DustStorm",flood,severe,0.59,0,de28e42b
b63e9fe7,2026-09-03 15:26:00,twitter,@user21287,West Bengal,Malda,24.9797,88.16201,"Malda experiencing heavy rainfall since morning, visibility very low on the highway. #IMD #ColdWave #RainAlert",rainfall,moderate,0.54,0,
b187e99b,2026-09-05 15:53:00,citizen_app,@user89142,Uttarakhand,Rudraprayag,30.3113,78.94258,NDRF teams reportedly moving into Rudraprayag as heavy rainfall worsens. #IMD #Flood #RainAlert,rainfall,severe,0.75,0,
d46e3531,2026-09-03 18:25:00,whatsapp_forward,@user5629,Madhya Pradesh,Rewa,24.5464,81.31975,"Heavy heavy rainfall reported in Rewa, Madhya Pradesh right now. Roads getting waterlogged near main market. #Monsoon2026 #HeatWave #StaySafe",rainfall,severe,0.27,0,
f45c8c9a,2026-09-07 16:02:00,twitter,@user93280,Assam,Dibrugarh,27.51494,94.89778,"IMD had warned about this — flooding now active over Dibrugarh, Assam. #RainAlert #Cyclone #Monsoon2026",flood,moderate,0.59,0,2f9f2412
87cd1e76,2026-09-03 16:30:00,facebook,@user64527,Madhya Pradesh,Bhopal,23.27417,77.44232,Farmers in Bhopal worried as heavy rainfall continues for the third day. #ColdWave,rainfall,severe,0.42,0,
d5e2a845,2026-09-01 18:21:00,facebook,@user29221,Delhi,New Delhi,28.62889,77.21349,"IMD had warned about this — heavy rainfall now active over New Delhi, Delhi. #Flood",rainfall,moderate,0.54,0,
5f8db723,2026-09-02 22:32:00,twitter,@user67535,Chhattisgarh,Korba,22.35116,82.76654,"Citizen report: flooding in Korba. Water level rising near the river bank, please avoid the area. #StaySafe",flood,severe,0.56,0,
b239d2e5,2026-01-14 07:59:00,whatsapp_forward,@user4033,Punjab,Amritsar,31.60338,74.90635,"Amritsar traffic disrupted due to a cold wave, several vehicles stranded on the flyover. #IMD #HeatWave",cold_wave,moderate,0.28,0,
7ff216f2,2026-05-30 10:43:00,whatsapp_forward,@user69618,Uttar Pradesh,Jhansi,25.46982,78.58876,Farmers in Jhansi worried as a heatwave continues for the third day. #Cyclone #IMD #Monsoon2026,heatwave,moderate,0.33,0,b38fa2c5
16833617,2026-09-04 06:32:00,news_wire,@NDRFHQ_Watch,Jharkhand,Jamshedpur,22.78263,86.17511,Farmers in Jamshedpur worried as heavy rainfall continues for the third day. #Monsoon2026 #StaySafe,rainfall,moderate,0.88,0,
0fb9d20c,2026-09-02 22:53:00,facebook,@user70013,Chhattisgarh,Raigarh,21.89603,83.36765,"IMD had warned about this — flooding now active over Raigarh, Chhattisgarh. #StaySafe",flood,severe,0.36,0,
caf8e95a,2026-09-01 16:23:00,citizen_app,@user33007,Uttar Pradesh,Kanpur,26.40995,80.29854,"Heavy heavy rainfall reported in Kanpur, Uttar Pradesh right now. Roads getting waterlogged near main market. #IMD #HeatWave",rainfall,moderate,0.76,0,
dc3b1f75,2026-09-05 19:49:00,instagram,@user93161,Rajasthan,Kota,25.22856,75.82387,"Update from Kota: heavy rainfall continuing, local authorities have issued an advisory. #Monsoon2026 #IMD #Cyclone",rainfall,moderate,0.43,0,
a04e6409,2026-09-03 11:32:00,instagram,@user90220,Madhya Pradesh,Rewa,24.51581,81.33882,"Rewa ka mausam kharab, heavy rainfall ki wajah se traffic ruk gaya hai. #Monsoon2026",rainfall,severe,0.43,0,
1e7cb764,2026-09-02 14:29:00,whatsapp_forward,@user8456,Chhattisgarh,Raipur,21.24538,81.62649,"IMD had warned about this — flooding now active over Raipur, Chhattisgarh. #IMD #DustStorm #WeatherAlert",flood,severe,0.22,0,
004ecf46,2026-05-28 17:24:00,citizen_app,@user58852,Rajasthan,Jaisalmer,26.91053,70.92186,"School closed today in Jaisalmer because of a heatwave, notice came in this morning. #DustStorm",heatwave,severe,0.73,0,
8774b3fe,2026-09-01 13:12:00,whatsapp_forward,@user60600,Uttar Pradesh,Kanpur,26.42351,80.31817,"Citizen report: heavy rainfall in Kanpur. Water level rising near the river bank, please avoid the area. #ColdWave",rainfall,moderate,0.17,0,3962e94b
bf952106,2026-06-02 05:13:00,instagram,@user3248,Rajasthan,Bikaner,28.01136,73.32,Just saw a dust storm hit Bikaner - power supply flickering in our area. #WeatherAlert #RainAlert #DustStorm,dust_storm,moderate,0.42,0,
83a94c64,2026-09-07 17:22:00,facebook,@user28886,Assam,Dibrugarh,27.50574,94.89092,"Abhi Dibrugarh mein flooding shuru hua, log ghar ke andar hi hain. #Cyclone #HeatWave",flood,moderate,0.47,0,
78684c10,2026-09-02 21:23:00,whatsapp_forward,@NDRFHQ_Watch,Chhattisgarh,Raigarh,21.91441,83.4279,Farmers in Raigarh worried as flooding continues for the third day. #ColdWave,flood,severe,0.19,0,de28e42b
8dc237c5,2026-09-05 20:24:00,instagram,@DistrictAdmin_Official,Jammu and Kashmir,Jammu,32.75584,74.86027,Just saw heavy rainfall hit Jammu - power supply flickering in our area. #RainAlert #StaySafe #Flood,rainfall,moderate,0.51,0,
71b8a063,2026-09-02 11:18:00,citizen_app,@user7265,Chhattisgarh,Korba,22.39808,82.73166,Farmers in Korba worried as flooding continues for the third day. #HeatWave #IMD,flood,severe,0.82,0,
2153b6af,2026-09-02 09:48:00,whatsapp_forward,@user8770,Odisha,Keonjhar,21.63939,85.54854,NDRF teams reportedly moving into Keonjhar as flooding worsens. #StaySafe #WeatherAlert,flood,severe,0.35,0,
06cae155,2026-09-07 21:40:00,citizen_app,@user59973,Assam,Guwahati,26.12547,91.73144,"School closed today in Guwahati because of flooding, notice came in this morning. #Cyclone #Flood #StaySafe",flood,moderate,0.78,0,6bc60906
d4d93ec3,2026-09-05 20:09:00,twitter,@user1113,Jammu and Kashmir,Udhampur,32.94844,75.10193,"Udhampur ka mausam kharab, heavy rainfall ki wajah se traffic ruk gaya hai. #Monsoon2026 #IMD",rainfall,moderate,0.64,0,
9da14032,2026-09-02 14:29:00,whatsapp_forward,@IMDWeather_Alt,Chhattisgarh,Jashpur,22.9027,84.1398,"IMD had warned about this — flooding now active over Jashpur, Chhattisgarh. #RainAlert #ColdWave",flood,severe,0.18,0,
9e17b1b0,2026-09-01 10:29:00,whatsapp_forward,@user84886,Delhi,New Delhi,28.63092,77.22918,NDRF teams reportedly moving into New Delhi as heavy rainfall worsens. #Flood #StaySafe #RainAlert,rainfall,moderate,0.29,0,c8f18eec
3aa65c26,2026-07-21 17:40:00,whatsapp_forward,@user36903,Unverified,Patna,25.57982,85.09069,"100% confirmed Patna bridge collapsed due to flooding, hundreds missing (unverified forward) #DustStorm #RainAlert",flood,unverified,0.46,1,
afb8da20,2026-05-28 11:59:00,twitter,@user92620,Rajasthan,Bikaner,28.06533,73.34884,"Citizen report: a heatwave in Bikaner. Water level rising near the river bank, please avoid the area. #HeatWave",heatwave,severe,0.51,0,
ac6464fe,2026-09-01 07:43:00,twitter,@user53923,Delhi,Rohini,28.79144,77.05961,"Rohini experiencing heavy rainfall since morning, visibility very low on the highway. #WeatherAlert",rainfall,moderate,0.47,0,
ded0034a,2026-05-30 11:45:00,instagram,@user87155,Uttar Pradesh,Banda,25.43453,80.31112,"Update from Banda: a heatwave continuing, local authorities have issued an advisory. #RainAlert #WeatherAlert #HeatWave",heatwave,moderate,0.48,0,
9d6f7acc,2026-09-04 18:51:00,instagram,@user31305,Jharkhand,Dhanbad,23.83049,86.41479,"School closed today in Dhanbad because of heavy rainfall, notice came in this morning. #HeatWave #IMD",rainfall,moderate,0.51,0,
912697c7,2026-09-03 15:33:00,twitter,@user25100,West Bengal,Howrah,22.63866,88.27329,"Howrah flooded because of cloud seeding conspiracy by neighbouring country, spread the word #Monsoon2026 #StaySafe",rainfall,moderate,0.08,1,
d0a8d2f2,2026-09-02 19:28:00,citizen_app,@user80928,Chhattisgarh,Raipur,21.20759,81.58995,"Raipur experiencing flooding since morning, visibility very low on the highway. #Flood #IMD #RainAlert",flood,severe,0.68,0,
265436e7,2026-09-02 09:53:00,twitter,@user9908,Odisha,Balasore,21.53992,86.93409,"Heavy flooding reported in Balasore, Odisha right now. Roads getting waterlogged near main market. #ColdWave",flood,severe,0.59,0,da9df0cb
69816bb0,2026-09-05 19:11:00,instagram,@user18878,Rajasthan,Kota,25.20135,75.83687,"Heavy heavy rainfall reported in Kota, Rajasthan right now. Roads getting waterlogged near main market. #Flood #RainAlert",rainfall,moderate,0.44,0,
2e82ca39,2026-09-05 19:06:00,news_wire,@CitizenReporterIN,Jammu and Kashmir,Jammu,32.69641,74.88284,"Abhi Jammu mein heavy rainfall shuru hua, log ghar ke andar hi hain. #WeatherAlert",rainfall,moderate,0.86,0,
3f8e12e2,2026-09-01 23:19:00,news_wire,@IMDWeather_Alt,Uttar Pradesh,Meerut,28.94103,77.70557,"Heavy heavy rainfall reported in Meerut, Uttar Pradesh right now. Roads getting waterlogged near main market. #Flood",rainfall,moderate,0.99,0,71b19b7e
8bccfa58,2026-05-30 14:53:00,twitter,@user90126,Uttar Pradesh,Prayagraj,25.45217,81.85538,Farmers in Prayagraj worried as a heatwave continues for the third day. #DustStorm #Flood,heatwave,moderate,0.54,0,
395961c2,2026-09-01 15:15:00,instagram,@user18154,Delhi,Rohini,28.75895,77.06844,NDRF teams reportedly moving into Rohini as heavy rainfall worsens. #DustStorm #HeatWave #RainAlert,rainfall,moderate,0.48,0,
a7e3eac9,2026-09-02 10:08:00,instagram,@user65004,Odisha,Balasore,21.51268,86.90743,"School closed today in Balasore because of flooding, notice came in this morning. #Flood #DustStorm",flood,severe,0.39,0,
142ea3c7,2026-05-30 09:36:00,news_wire,@DistrictAdmin_Official,Uttar Pradesh,Banda,25.48611,80.30369,"Citizen report: a heatwave in Banda. Water level rising near the river bank, please avoid the area. #IMD",heatwave,moderate,0.93,0,
917d441c,2026-09-05 23:11:00,whatsapp_forward,@user16826,Rajasthan,Jaipur,26.9026,75.74938,"Update from Jaipur: heavy rainfall continuing, local authorities have issued an advisory. #RainAlert #IMD",rainfall,moderate,0.2,0,
9ec1a71c,2026-01-16 06:13:00,whatsapp_forward,@DistrictAdmin_Official,Haryana,Karnal,29.71925,76.96474,Just saw a cold wave hit Karnal - power supply flickering in our area. #WeatherAlert #Cyclone #Monsoon2026,cold_wave,moderate,0.24,0,
48746fc0,2026-08-23 20:20:00,facebook,@user97029,Unverified,Jaipur,26.86916,75.74025,"URGENT: dam near Jaipur about to burst, everyone evacuate NOW, forward to everyone you know #WeatherAlert",cold_wave,unverified,0.16,1,
99271d0c,2026-09-07 19:30:00,whatsapp_forward,@DistrictAdmin_Official,Assam,Guwahati,26.16562,91.69914,Farmers in Guwahati worried as flooding continues for the third day. #RainAlert,flood,moderate,0.34,0,
6e3226c2,2026-09-03 11:49:00,twitter,@user69569,Madhya Pradesh,Satna,24.62238,80.79397,"School closed today in Satna because of heavy rainfall, notice came in this morning. #Cyclone",rainfall,severe,0.64,0,
10f16f54,2026-09-05 14:12:00,instagram,@NDRFHQ_Watch,Maharashtra,Margao,15.31246,73.96814,"Update from Margao: heavy rainfall continuing, local authorities have issued an advisory. #Flood #DustStorm",rainfall,moderate,0.39,0,
a7da35d4,2026-05-28 13:20:00,twitter,@user6191,Rajasthan,Jaisalmer,26.88087,70.87874,NDRF teams reportedly moving into Jaisalmer as a heatwave worsens. #DustStorm #Flood,heatwave,severe,0.55,0,
0d2e83b5,2026-09-05 08:50:00,whatsapp_forward,@user63182,Rajasthan,Jaipur,26.91315,75.78372,"IMD had warned about this — heavy rainfall now active over Jaipur, Rajasthan. #RainAlert",rainfall,moderate,0.25,0,c7ad337f
0dce4e62,2026-08-15 14:54:00,twitter,@user71092,Unverified,Sagar,23.86138,78.74995,"100% confirmed Sagar bridge collapsed due to heavy rainfall, hundreds missing (unverified forward) #WeatherAlert",rainfall,unverified,0.16,1,
d7b12974,2026-09-02 21:26:00,facebook,@user12746,Odisha,Balasore,21.48019,86.90868,"Abhi Balasore mein flooding shuru hua, log ghar ke andar hi hain. #StaySafe #Cyclone",flood,severe,0.42,0,da9df0cb
ef75bc2a,2026-09-03 05:37:00,instagram,@user17143,Madhya Pradesh,Satna,24.56699,80.87289,"Satna mein bahut zyada heavy rainfall ho raha hai, sadkon par paani bhar gaya hai. #RainAlert",rainfall,severe,0.42,0,
abe4e343,2026-05-30 17:23:00,instagram,@user57143,Uttar Pradesh,Jhansi,25.48825,78.55957,"Jhansi ka mausam kharab, a heatwave ki wajah se traffic ruk gaya hai. #RainAlert #Monsoon2026",heatwave,moderate,0.53,0,
b44922a2,2026-09-02 05:13:00,facebook,@user99599,Odisha,Balasore,21.45163,86.97426,"Balasore flooded because of cloud seeding conspiracy by neighbouring country, spread the word #Flood",flood,severe,0.49,1,
66e033a6,2026-09-01 22:01:00,whatsapp_forward,@user78580,Uttar Pradesh,Ghaziabad,28.66776,77.44269,"Ghaziabad traffic disrupted due to heavy rainfall, several vehicles stranded on the flyover. #Flood #Monsoon2026 #Cyclone",rainfall,moderate,0.26,0,1d118f0f
4cf94da7,2026-09-05 14:58:00,facebook,@user59873,Uttarakhand,Dehradun,30.32774,78.04475,NDRF teams reportedly moving into Dehradun as heavy rainfall worsens. #ColdWave,rainfall,severe,0.46,0,e0badb3c
e542c8e0,2026-09-02 20:23:00,whatsapp_forward,@user69062,Chhattisgarh,Korba,22.3463,82.78905,"Korba traffic disrupted due to flooding, several vehicles stranded on the flyover. #Flood #Monsoon2026",flood,severe,0.2,0,5cd5f071
2dd63714,2026-09-05 23:38:00,news_wire,@CitizenReporterIN,Jammu and Kashmir,Jammu,32.72014,74.88573,"Update from Jammu: heavy rainfall continuing, local authorities have issued an advisory. #WeatherAlert #Monsoon2026 #Cyclone",rainfall,moderate,0.87,0,25089815
bbad2aeb,2026-09-05 15:44:00,facebook,@user94253,Uttarakhand,Haridwar,29.93706,78.15929,Just saw heavy rainfall hit Haridwar - power supply flickering in our area. #WeatherAlert #HeatWave,rainfall,severe,0.51,0,
ced6a7c6,2026-09-01 06:48:00,whatsapp_forward,@DistrictAdmin_Official,Uttar Pradesh,Ghaziabad,28.70269,77.45083,"Citizen report: heavy rainfall in Ghaziabad. Water level rising near the river bank, please avoid the area. #WeatherAlert",rainfall,moderate,0.19,0,1d118f0f
c9ba9936,2026-05-28 11:10:00,twitter,@user87474,Rajasthan,Barmer,25.74878,71.43574,Farmers in Barmer worried as a heatwave continues for the third day. #RainAlert,heatwave,severe,0.59,0,358f7782
06b33d80,2026-09-02 08:28:00,citizen_app,@user60303,Odisha,Mayurbhanj,21.95152,86.72453,Just saw flooding hit Mayurbhanj - power supply flickering in our area. #Monsoon2026 #DustStorm #Cyclone,flood,severe,0.71,0,
5fe7e9a2,2026-01-16 11:12:00,twitter,@CitizenReporterIN,Haryana,Hisar,29.18754,75.75769,"Hisar traffic disrupted due to a cold wave, several vehicles stranded on the flyover. #ColdWave #DustStorm #StaySafe",cold_wave,moderate,0.55,0,
7c61f416,2026-09-05 15:05:00,instagram,@user20148,Delhi,New Delhi,28.56537,77.18072,"School closed today in New Delhi because of heavy rainfall, notice came in this morning. #Monsoon2026 #IMD",rainfall,severe,0.36,0,
09b79a6c,2026-09-05 18:54:00,whatsapp_forward,@user29369,Rajasthan,Kota,25.19332,75.83048,"Update from Kota: heavy rainfall continuing, local authorities have issued an advisory. #StaySafe #RainAlert #WeatherAlert",rainfall,moderate,0.27,0,
1e13bf25,2026-09-05 12:08:00,citizen_app,@user19659,Maharashtra,Ratnagiri,16.99996,73.33836,"IMD had warned about this — heavy rainfall now active over Ratnagiri, Maharashtra. #WeatherAlert",rainfall,moderate,0.79,0,
b56a25ed,2026-09-01 20:53:00,whatsapp_forward,@user38512,Uttar Pradesh,Kanpur,26.4358,80.31149,"Kanpur traffic disrupted due to heavy rainfall, several vehicles stranded on the flyover. #IMD #Cyclone",rainfall,moderate,0.31,0,3962e94b
ec6b3ddb,2026-09-01 19:27:00,instagram,@user78656,Uttar Pradesh,Ghaziabad,28.70207,77.47453,Farmers in Ghaziabad worried as heavy rainfall continues for the third day. #HeatWave #StaySafe #Monsoon2026,rainfall,moderate,0.4,0,
31a23c6c,2026-09-02 09:26:00,whatsapp_forward,@user54788,Chhattisgarh,Balrampur,23.13267,83.55846,"Balrampur mein bahut zyada flooding ho raha hai, sadkon par paani bhar gaya hai. #DustStorm #ColdWave",flood,severe,0.25,0,
7f11cb55,2026-09-03 10:53:00,whatsapp_forward,@user74170,Madhya Pradesh,Rewa,24.52072,81.32504,"School closed today in Rewa because of heavy rainfall, notice came in this morning. #DustStorm #StaySafe #HeatWave",rainfall,severe,0.19,0,3a90bc55
b01f3e88,2026-09-03 22:30:00,news_wire,@IMDWeather_Alt,Madhya Pradesh,Bhopal,23.2545,77.37746,Just saw heavy rainfall hit Bhopal - power supply flickering in our area. #HeatWave #Monsoon2026 #ColdWave,rainfall,severe,0.82,0,
e9ac4cce,2026-09-05 09:07:00,citizen_app,@user61106,Rajasthan,Kota,25.19966,75.84177,NDRF teams reportedly moving into Kota as heavy rainfall worsens. #HeatWave,rainfall,moderate,0.73,0,
3842a2fa,2026-09-01 20:15:00,facebook,@user19958,Uttar Pradesh,Moradabad,28.88331,78.78807,"IMD had warned about this — heavy rainfall now active over Moradabad, Uttar Pradesh. #HeatWave #ColdWave #Monsoon2026",rainfall,moderate,0.43,0,
bc25ea44,2026-09-07 10:01:00,facebook,@user40062,Assam,Guwahati,26.11277,91.76303,"Guwahati traffic disrupted due to flooding, several vehicles stranded on the flyover. #Flood #IMD #DustStorm",flood,moderate,0.43,0,
cb658722,2026-06-04 10:32:00,facebook,@user52955,Delhi,New Delhi,28.63342,77.18768,"New Delhi ka mausam kharab, a dust storm ki wajah se traffic ruk gaya hai. #Cyclone",dust_storm,moderate,0.52,0,
29dcdb85,2026-09-05 08:19:00,facebook,@user3981,Delhi,Gurugram,28.41495,77.07149,"IMD had warned about this — heavy rainfall now active over Gurugram, Delhi. #DustStorm",rainfall,severe,0.42,0,
00cf76f8,2026-09-01 12:43:00,twitter,@user76392,Uttar Pradesh,Meerut,28.98388,77.66444,"Citizen report: heavy rainfall in Meerut. Water level rising near the river bank, please avoid the area. #HeatWave #IMD #WeatherAlert",rainfall,moderate,0.57,0,71b19b7e
fcec7c58,2026-09-05 20:47:00,whatsapp_forward,@user44452,Gujarat,Ahmedabad,22.99444,72.52177,"100% confirmed Ahmedabad bridge collapsed due to heavy rainfall, hundreds missing (unverified forward) #Monsoon2026",rainfall,moderate,0.24,1,
5ee5836a,2026-01-14 12:32:00,whatsapp_forward,@user87334,Punjab,Amritsar,31.66338,74.86869,"Amritsar traffic disrupted due to a cold wave, several vehicles stranded on the flyover. #DustStorm",cold_wave,moderate,0.2,0,
e3f0099e,2026-06-02 08:10:00,citizen_app,@user70935,Rajasthan,Jodhpur,26.23928,73.04636,Just saw a dust storm hit Jodhpur - power supply flickering in our area. #HeatWave #StaySafe,dust_storm,moderate,0.7,0,d1daed03
c4e5f781,2026-09-01 21:37:00,whatsapp_forward,@user14154,Uttar Pradesh,Moradabad,28.86307,78.79382,"My cousin's friend said Moradabad got 10 feet of water in one hour, whole city gone, unbelievable #Monsoon2026",rainfall,moderate,0.3,1,
29f52cee,2026-09-05 20:20:00,citizen_app,@user4239,Gujarat,Ahmedabad,22.97661,72.57263,"School closed today in Ahmedabad because of heavy rainfall, notice came in this morning. #ColdWave #DustStorm",rainfall,moderate,0.69,0,9d95a264
85652f9c,2026-09-03 09:10:00,whatsapp_forward,@user58261,Madhya Pradesh,Jabalpur,23.22756,79.97376,"Jabalpur experiencing heavy rainfall since morning, visibility very low on the highway. #HeatWave #DustStorm",rainfall,severe,0.31,0,
dbf81f6c,2026-09-05 06:41:00,news_wire,@DistrictAdmin_Official,Maharashtra,Margao,15.31564,74.00605,"Abhi Margao mein heavy rainfall shuru hua, log ghar ke andar hi hain. #Monsoon2026 #IMD",rainfall,moderate,0.93,0,
2c5a3344,2026-09-03 08:00:00,whatsapp_forward,@DistrictAdmin_Official,Madhya Pradesh,Bhopal,23.25034,77.40782,"Bhopal flooded because of cloud seeding conspiracy by neighbouring country, spread the word #WeatherAlert",rainfall,severe,0.02,1,
a6b90a5d,2026-09-06 21:49:00,news_wire,@DistrictAdmin_Official,Bihar,Patna,25.56217,85.10443,NDRF teams reportedly moving into Patna as heavy rainfall worsens. #Cyclone #RainAlert #IMD,rainfall,moderate,0.88,0,a6656bda
f643e625,2026-09-02 13:21:00,facebook,@user95749,Chhattisgarh,Balrampur,23.07866,83.58766,"Abhi Balrampur mein flooding shuru hua, log ghar ke andar hi hain. #Monsoon2026",flood,severe,0.46,0,
544e6949,2026-09-02 16:35:00,facebook,@user94244,Chhattisgarh,Raigarh,21.88927,83.36121,"Update from Raigarh: flooding continuing, local authorities have issued an advisory. #IMD #Monsoon2026",flood,severe,0.52,0,
d2aaaf16,2026-09-02 22:32:00,facebook,@user15969,Odisha,Keonjhar,21.60175,85.53497,"Update from Keonjhar: flooding continuing, local authorities have issued an advisory. #Cyclone #Monsoon2026",flood,severe,0.4,0,
2b0684e5,2026-09-01 08:06:00,news_wire,@CitizenReporterIN,Delhi,Rohini,28.71273,77.10005,Just saw heavy rainfall hit Rohini - power supply flickering in our area. #ColdWave #RainAlert,rainfall,moderate,0.87,0,
db0aef49,2026-09-05 16:54:00,news_wire,@CitizenReporterIN,Jammu and Kashmir,Srinagar,34.07858,74.81515,"Heavy heavy rainfall reported in Srinagar, Jammu and Kashmir right now. Roads getting waterlogged near main market. #StaySafe",rainfall,moderate,0.92,0,
11360bc7,2026-09-05 08:09:00,facebook,@user57525,Jammu and Kashmir,Udhampur,32.97246,75.11807,"BREAKING!!! Udhampur completely underwater, govt hiding the truth, share before it gets deleted!!! #RainAlert #ColdWave",rainfall,moderate,0.06,1,
1a0441f6,2026-05-28 07:21:00,facebook,@user25662,Rajasthan,Barmer,25.79872,71.3898,"Barmer experiencing a heatwave since morning, visibility very low on the highway. #WeatherAlert #Cyclone",heatwave,severe,0.5,0,358f7782
c6adcd32,2026-09-01 08:24:00,twitter,@user84320,Delhi,New Delhi,28.62164,77.22946,"IMD had warned about this — heavy rainfall now active over New Delhi, Delhi. #RainAlert",rainfall,moderate,0.62,0,c8f18eec
8852816a,2026-09-06 06:59:00,citizen_app,@user60917,Bihar,Muzaffarpur,26.09491,85.36638,"Heavy heavy rainfall reported in Muzaffarpur, Bihar right now. Roads getting waterlogged near main market. #HeatWave #Flood #WeatherAlert",rainfall,moderate,0.84,0,
07e1381f,2026-09-05 05:39:00,whatsapp_forward,@user53978,Jammu and Kashmir,Jammu,32.76845,74.90067,"Citizen report: heavy rainfall in Jammu. Water level rising near the river bank, please avoid the area. #Cyclone",rainfall,moderate,0.32,0,
023a0e2c,2026-05-28 21:34:00,facebook,@user51172,Rajasthan,Bikaner,28.07031,73.26993,"Update from Bikaner: a heatwave continuing, local authorities have issued an advisory. #HeatWave #Cyclone",heatwave,severe,0.47,0,
3b91e2f7,2026-09-03 08:24:00,news_wire,@NDRFHQ_Watch,West Bengal,Kolkata,22.60648,88.36219,"Update from Kolkata: heavy rainfall continuing, local authorities have issued an advisory. #Cyclone #Flood #StaySafe",rainfall,moderate,0.9,0,
2b65a166,2026-09-05 08:02:00,news_wire,@NDRFHQ_Watch,Rajasthan,Udaipur,24.59726,73.67858,"Update from Udaipur: heavy rainfall continuing, local authorities have issued an advisory. #Flood #Cyclone #RainAlert",rainfall,moderate,0.91,0,
0e990ad0,2026-09-01 22:13:00,instagram,@user18361,Delhi,Rohini,28.77469,77.01375,NDRF teams reportedly moving into Rohini as heavy rainfall worsens. #WeatherAlert,rainfall,moderate,0.54,0,
cb6fdee1,2026-09-03 13:59:00,facebook,@user54143,West Bengal,Kharagpur,22.29299,87.33293,"Heavy heavy rainfall reported in Kharagpur, West Bengal right now. Roads getting waterlogged near main market. #Flood #IMD #Cyclone",rainfall,moderate,0.47,0,
27a9d8cb,2026-09-01 15:51:00,whatsapp_forward,@user33591,Delhi,Rohini,28.78588,77.01192,"Rohini experiencing heavy rainfall since morning, visibility very low on the highway. #ColdWave",rainfall,moderate,0.19,0,
47a4b30c,2026-09-04 19:27:00,whatsapp_forward,@user10288,Unverified,Udhampur,32.89591,75.11235,"Udhampur flooded because of cloud seeding conspiracy by neighbouring country, spread the word #DustStorm #StaySafe",flood,unverified,0.22,1,
a36e961e,2026-09-05 18:11:00,citizen_app,@user38274,Uttarakhand,Nainital,29.4086,79.488,"Nainital experiencing heavy rainfall since morning, visibility very low on the highway. #WeatherAlert",rainfall,severe,0.77,0,
41b9cbee,2026-09-03 06:42:00,citizen_app,@user3587,Madhya Pradesh,Satna,24.55424,80.86985,NDRF teams reportedly moving into Satna as heavy rainfall worsens. #Cyclone,rainfall,severe,0.66,0,ef75bc2a
c7ad337f,2026-09-05 16:34:00,citizen_app,@user45572,Rajasthan,Jaipur,26.91593,75.83646,"Jaipur traffic disrupted due to heavy rainfall, several vehicles stranded on the flyover. #WeatherAlert",rainfall,moderate,0.67,0,
78e7dc6a,2026-01-14 09:29:00,twitter,@user47939,Punjab,Amritsar,31.661,74.8376,"100% confirmed Amritsar bridge collapsed due to a cold wave, hundreds missing (unverified forward) #Cyclone",cold_wave,moderate,0.22,1,
b12ce57a,2026-09-02 19:56:00,news_wire,@NDRFHQ_Watch,Chhattisgarh,Raigarh,21.92371,83.37228,"Raigarh traffic disrupted due to flooding, several vehicles stranded on the flyover. #RainAlert",flood,severe,0.99,0,
748c9224,2026-09-06 19:20:00,news_wire,@DistrictAdmin_Official,Bihar,Gaya,24.79091,85.04492,"Citizen report: heavy rainfall in Gaya. Water level rising near the river bank, please avoid the area. #Cyclone",rainfall,moderate,0.84,0,281ca72d
97b14da3,2026-09-01 13:58:00,news_wire,@CitizenReporterIN,Uttar Pradesh,Kanpur,26.44145,80.30198,"Citizen report: heavy rainfall in Kanpur. Water level rising near the river bank, please avoid the area. #StaySafe #HeatWave #Flood",rainfall,moderate,0.99,0,
36478baa,2026-09-05 20:43:00,instagram,@user37403,Maharashtra,Margao,15.25863,73.99515,"Margao experiencing heavy rainfall since morning, visibility very low on the highway. #StaySafe #ColdWave",rainfall,moderate,0.53,0,
e3e6445e,2026-09-05 08:18:00,twitter,@user94742,Delhi,New Delhi,28.62618,77.17778,Farmers in New Delhi worried as heavy rainfall continues for the third day. #Flood,rainfall,severe,0.54,0,4419140d
dc2f68d7,2026-05-28 12:39:00,twitter,@DistrictAdmin_Official,Rajasthan,Jaisalmer,26.93616,70.85963,"Jaisalmer experiencing a heatwave since morning, visibility very low on the highway. #RainAlert #ColdWave",heatwave,severe,0.52,0,
d8ef4450,2026-01-16 06:36:00,facebook,@user9630,Haryana,Karnal,29.64662,76.94549,Just saw a cold wave hit Karnal - power supply flickering in our area. #IMD,cold_wave,moderate,0.46,0,
2176884a,2026-09-01 18:07:00,whatsapp_forward,@user85886,Uttar Pradesh,Meerut,28.95765,77.7271,"Meerut experiencing heavy rainfall since morning, visibility very low on the highway. #RainAlert #HeatWave #Cyclone",rainfall,moderate,0.18,0,
b1a58391,2026-09-05 09:03:00,news_wire,@NDRFHQ_Watch,Uttarakhand,Nainital,29.39663,79.46618,Just saw heavy rainfall hit Nainital - power supply flickering in our area. #Flood,rainfall,severe,0.81,0,
f5a231d2,2026-09-03 21:27:00,whatsapp_forward,@user64192,West Bengal,Malda,25.01473,88.09122,Farmers in Malda worried as heavy rainfall continues for the third day. #DustStorm #IMD,rainfall,moderate,0.31,0,
cdd6f11d,2026-09-02 20:52:00,citizen_app,@NDRFHQ_Watch,Chhattisgarh,Jashpur,22.8781,84.15165,Farmers in Jashpur worried as flooding continues for the third day. #StaySafe #Monsoon2026 #HeatWave,flood,severe,0.78,0,
d009cfef,2026-09-05 22:39:00,facebook,@user69898,Maharashtra,Ratnagiri,17.01808,73.3032,"Ratnagiri mein bahut zyada heavy rainfall ho raha hai, sadkon par paani bhar gaya hai. #RainAlert",rainfall,moderate,0.52,0,
b9fc7adf,2026-09-05 15:36:00,whatsapp_forward,@CitizenReporterIN,Maharashtra,Sindhudurg,16.20684,73.59336,"Heavy heavy rainfall reported in Sindhudurg, Maharashtra right now. Roads getting waterlogged near main market. #ColdWave #Cyclone",rainfall,moderate,0.17,0,
c5af3f12,2026-09-02 13:01:00,news_wire,@DistrictAdmin_Official,Chhattisgarh,Raipur,21.28613,81.61461,"IMD had warned about this — flooding now active over Raipur, Chhattisgarh. #RainAlert #ColdWave #IMD",flood,severe,0.85,0,
4af6c2e0,2026-09-05 22:59:00,instagram,@user46442,Rajasthan,Kota,25.19139,75.88451,Just saw heavy rainfall hit Kota - power supply flickering in our area. #IMD #HeatWave #ColdWave,rainfall,moderate,0.43,0,
0c0791bb,2026-09-02 15:42:00,facebook,@user59447,Chhattisgarh,Korba,22.35256,82.79961,"Citizen report: flooding in Korba. Water level rising near the river bank, please avoid the area. #WeatherAlert",flood,severe,0.47,0,
9cb36726,2026-09-03 10:15:00,whatsapp_forward,@user97744,Madhya Pradesh,Bhopal,23.23655,77.44423,"Bhopal mein bahut zyada heavy rainfall ho raha hai, sadkon par paani bhar gaya hai. #DustStorm #Flood",rainfall,severe,0.29,0,
facbe2dd,2026-06-02 22:59:00,citizen_app,@user32784,Rajasthan,Bikaner,27.98392,73.35304,"Update from Bikaner: a dust storm continuing, local authorities have issued an advisory. #Monsoon2026 #Flood",dust_storm,moderate,0.69,0,6944064e
0d050615,2026-09-02 15:18:00,whatsapp_forward,@user12725,Chhattisgarh,Balrampur,23.16239,83.57109,"School closed today in Balrampur because of flooding, notice came in this morning. #RainAlert #HeatWave",flood,severe,0.28,0,31a23c6c
b7e7a2f8,2026-09-02 15:54:00,news_wire,@CitizenReporterIN,Chhattisgarh,Surguja,23.07218,83.20176,Farmers in Surguja worried as flooding continues for the third day. #Flood,flood,severe,0.82,0,5c271c86
c3a7dcf5,2026-09-01 22:26:00,news_wire,@IMDWeather_Alt,Uttar Pradesh,Moradabad,28.80074,78.82061,"Update from Moradabad: heavy rainfall continuing, local authorities have issued an advisory. #StaySafe #IMD",rainfall,moderate,0.84,0,
0d5540b6,2026-09-01 08:47:00,twitter,@user18054,Uttar Pradesh,Lucknow,26.81196,80.9885,"Lucknow mein bahut zyada heavy rainfall ho raha hai, sadkon par paani bhar gaya hai. #ColdWave",rainfall,moderate,0.56,0,
9218025c,2026-09-02 14:23:00,instagram,@user29721,Chhattisgarh,Balrampur,23.08823,83.62208,"Balrampur traffic disrupted due to flooding, several vehicles stranded on the flyover. #StaySafe #HeatWave #WeatherAlert",flood,severe,0.54,0,
9434f0d6,2026-09-02 17:04:00,facebook,@user79372,Odisha,Mayurbhanj,21.958,86.757,Just saw flooding hit Mayurbhanj - power supply flickering in our area. #Flood #ColdWave,flood,severe,0.45,0,
84238a7d,2026-06-04 13:33:00,facebook,@user60055,Delhi,Dwarka,28.55715,77.04187,"Citizen report: a dust storm in Dwarka. Water level rising near the river bank, please avoid the area. #ColdWave",dust_storm,moderate,0.54,0,
6144290e,2026-09-02 11:21:00,facebook,@user75683,Odisha,Balasore,21.50045,86.90383,"Balasore ka mausam kharab, flooding ki wajah se traffic ruk gaya hai. #HeatWave #Flood",flood,severe,0.52,0,
0fd70ae5,2026-09-04 09:30:00,whatsapp_forward,@user58065,Jharkhand,Ranchi,23.37419,85.321,"Update from Ranchi: heavy rainfall continuing, local authorities have issued an advisory. #IMD #WeatherAlert",rainfall,moderate,0.17,0,
70a9000e,2026-06-04 09:28:00,news_wire,@NDRFHQ_Watch,Delhi,Dwarka,28.63452,77.08998,"Citizen report: a dust storm in Dwarka. Water level rising near the river bank, please avoid the area. #ColdWave #Cyclone",dust_storm,moderate,0.9,0,
d0a62bcb,2026-09-03 21:09:00,citizen_app,@user29939,West Bengal,Howrah,22.59952,88.3083,"Citizen report: heavy rainfall in Howrah. Water level rising near the river bank, please avoid the area. #ColdWave",rainfall,moderate,0.77,0,
e657d2c0,2026-09-02 13:12:00,citizen_app,@user44343,Chhattisgarh,Balrampur,23.07533,83.6536,Farmers in Balrampur worried as flooding continues for the third day. #Monsoon2026 #Flood #Cyclone,flood,severe,0.68,0,
3cf91a2b,2026-06-04 14:10:00,twitter,@user9561,Delhi,New Delhi,28.58337,77.16984,"Citizen report: a dust storm in New Delhi. Water level rising near the river bank, please avoid the area. #RainAlert",dust_storm,moderate,0.49,0,6c860310
53803783,2026-05-30 23:34:00,whatsapp_forward,@user86419,Uttar Pradesh,Prayagraj,25.46532,81.81479,"Prayagraj ka mausam kharab, a heatwave ki wajah se traffic ruk gaya hai. #WeatherAlert #StaySafe",heatwave,moderate,0.17,0,
5cd5f071,2026-09-02 08:49:00,citizen_app,@user40472,Chhattisgarh,Korba,22.31003,82.70802,"Update from Korba: flooding continuing, local authorities have issued an advisory. #Cyclone #StaySafe #ColdWave",flood,severe,0.67,0,
1a7c337f,2026-09-05 19:47:00,facebook,@user84472,Uttarakhand,Dehradun,30.27834,78.01396,"Citizen report: heavy rainfall in Dehradun. Water level rising near the river bank, please avoid the area. #ColdWave #HeatWave",rainfall,severe,0.54,0,
c2917b6d,2026-05-28 10:23:00,whatsapp_forward,@user18607,Rajasthan,Bikaner,27.97306,73.26888,"Bikaner traffic disrupted due to a heatwave, several vehicles stranded on the flyover. #HeatWave #ColdWave #Flood",heatwave,severe,0.19,0,7ec59e3c
e84d119d,2026-09-05 09:10:00,whatsapp_forward,@user5224,Uttarakhand,Dehradun,30.31673,78.04267,"Update from Dehradun: heavy rainfall continuing, local authorities have issued an advisory. #Monsoon2026 #Cyclone",rainfall,severe,0.23,0,
380252cc,2026-05-30 17:14:00,citizen_app,@user14762,Uttar Pradesh,Banda,25.46248,80.31905,Just saw a heatwave hit Banda - power supply flickering in our area. #IMD #WeatherAlert,heatwave,moderate,0.81,0,142ea3c7
01b8cf37,2026-09-05 06:40:00,citizen_app,@user23161,Jammu and Kashmir,Srinagar,34.06685,74.78259,"Heavy heavy rainfall reported in Srinagar, Jammu and Kashmir right now. Roads getting waterlogged near main market. #Cyclone #HeatWave #StaySafe",rainfall,moderate,0.76,0,
c6286aed,2026-09-01 08:56:00,news_wire,@DistrictAdmin_Official,Delhi,Rohini,28.73645,77.02227,NDRF teams reportedly moving into Rohini as heavy rainfall worsens. #StaySafe #IMD #HeatWave,rainfall,moderate,0.85,0,
dea3fe06,2026-06-02 10:36:00,instagram,@user92320,Rajasthan,Jodhpur,26.22732,73.05224,Just saw a dust storm hit Jodhpur - power supply flickering in our area. #IMD,dust_storm,moderate,0.35,0,
323c0457,2026-09-06 21:26:00,citizen_app,@user19087,Bihar,Muzaffarpur,26.123,85.34912,"Muzaffarpur traffic disrupted due to heavy rainfall, several vehicles stranded on the flyover. #RainAlert #Flood",rainfall,moderate,0.81,0,
1cb81ffe,2026-09-02 05:29:00,citizen_app,@user42033,Chhattisgarh,Raipur,21.25727,81.6464,"Raipur ka mausam kharab, flooding ki wajah se traffic ruk gaya hai. #ColdWave",flood,severe,0.77,0,
f1496e91,2026-05-30 18:19:00,news_wire,@DistrictAdmin_Official,Uttar Pradesh,Prayagraj,25.40829,81.85499,"Prayagraj experiencing a heatwave since morning, visibility very low on the highway. #Flood #ColdWave #Monsoon2026",heatwave,moderate,0.82,0,ba7ea843
c8509dd9,2026-09-04 17:37:00,instagram,@user48395,Jharkhand,Jamshedpur,22.85225,86.22272,"Heavy heavy rainfall reported in Jamshedpur, Jharkhand right now. Roads getting waterlogged near main market. #RainAlert",rainfall,moderate,0.47,0,
077a8b0b,2026-09-05 21:19:00,whatsapp_forward,@user89892,Uttarakhand,Rudraprayag,30.24818,78.94674,"Rudraprayag flooded because of cloud seeding conspiracy by neighbouring country, spread the word #Monsoon2026 #ColdWave",rainfall,severe,0.18,1,
d8d564d1,2026-09-04 22:35:00,twitter,@user34779,Jharkhand,Jamshedpur,22.78003,86.2368,"Citizen report: heavy rainfall in Jamshedpur. Water level rising near the river bank, please avoid the area. #DustStorm #Cyclone",rainfall,moderate,0.52,0,
92c607c1,2026-09-03 17:25:00,twitter,@user5039,West Bengal,Howrah,22.55306,88.3064,"IMD had warned about this — heavy rainfall now active over Howrah, West Bengal. #WeatherAlert #HeatWave #Monsoon2026",rainfall,moderate,0.54,0,
6d40b3f2,2026-01-14 11:22:00,whatsapp_forward,@user26055,Punjab,Amritsar,31.64184,74.82595,"Amritsar traffic disrupted due to a cold wave, several vehicles stranded on the flyover. #StaySafe #Flood #ColdWave",cold_wave,moderate,0.34,0,
72073512,2026-09-01 10:19:00,twitter,@DistrictAdmin_Official,Uttar Pradesh,Meerut,29.01052,77.71608,"IMD had warned about this — heavy rainfall now active over Meerut, Uttar Pradesh. #DustStorm",rainfall,moderate,0.5,0,
19047be0,2026-09-05 22:24:00,whatsapp_forward,@user15239,Gujarat,Surat,21.19874,72.87331,"Scientists confirm heavy rainfall in Surat caused by secret weather weapon testing, wake up people #ColdWave #RainAlert",rainfall,moderate,0.18,1,
1e8b73b0,2026-09-05 18:49:00,facebook,@user60468,Maharashtra,Margao,15.24813,74.032,"Margao experiencing heavy rainfall since morning, visibility very low on the highway. #StaySafe",rainfall,moderate,0.52,0,
ba7e7fda,2026-09-03 19:10:00,citizen_app,@user68441,West Bengal,Kharagpur,22.33184,87.30899,"School closed today in Kharagpur because of heavy rainfall, notice came in this morning. #IMD #StaySafe #Flood",rainfall,moderate,0.78,0,bfab05e8
cb9faa74,2026-09-03 06:53:00,news_wire,@CitizenReporterIN,Madhya Pradesh,Jabalpur,23.14117,80.00321,NDRF teams reportedly moving into Jabalpur as heavy rainfall worsens. #StaySafe,rainfall,severe,0.96,0,
de28e42b,2026-09-02 07:19:00,citizen_app,@user85343,Chhattisgarh,Raigarh,21.90567,83.35914,"Raigarh traffic disrupted due to flooding, several vehicles stranded on the flyover. #Cyclone",flood,severe,0.81,0,
bdfa46c8,2026-09-03 14:13:00,citizen_app,@user82039,West Bengal,Howrah,22.60011,88.25394,Just saw heavy rainfall hit Howrah - power supply flickering in our area. #DustStorm #Cyclone #StaySafe,rainfall,moderate,0.76,0,
7701bc0c,2026-01-14 19:35:00,whatsapp_forward,@user26632,Punjab,Amritsar,31.63434,74.90289,"Amritsar traffic disrupted due to a cold wave, several vehicles stranded on the flyover. #RainAlert",cold_wave,moderate,0.32,0,
e03d1673,2026-09-02 05:30:00,whatsapp_forward,@user55522,Odisha,Mayurbhanj,21.92308,86.72881,Farmers in Mayurbhanj worried as flooding continues for the third day. #DustStorm,flood,severe,0.33,0,d45a2ddd
b9bb27cb,2026-09-05 17:23:00,citizen_app,@user6357,Rajasthan,Kota,25.24257,75.8229,"Heavy heavy rainfall reported in Kota, Rajasthan right now. Roads getting waterlogged near main market. #DustStorm #IMD #WeatherAlert",rainfall,moderate,0.72,0,69816bb0
d46604fa,2026-01-16 14:51:00,whatsapp_forward,@user60325,Haryana,Karnal,29.7037,76.96957,"Karnal flooded because of cloud seeding conspiracy by neighbouring country, spread the word #Flood",cold_wave,moderate,0.19,1,
cb13aa02,2026-09-05 21:13:00,twitter,@user81223,Uttarakhand,Nainital,29.34839,79.45128,"IMD had warned about this — heavy rainfall now active over Nainital, Uttarakhand. #StaySafe #ColdWave",rainfall,severe,0.46,0,
bf258411,2026-09-07 11:57:00,facebook,@user84540,Assam,Silchar,24.82871,92.76172,"Silchar mein bahut zyada flooding ho raha hai, sadkon par paani bhar gaya hai. #Cyclone",flood,moderate,0.45,0,
9f4506e1,2026-09-05 21:41:00,whatsapp_forward,@user6047,Uttarakhand,Dehradun,30.30699,77.98638,"Citizen report: heavy rainfall in Dehradun. Water level rising near the river bank, please avoid the area. #Cyclone #StaySafe",rainfall,severe,0.25,0,
ff83a286,2026-09-01 21:16:00,whatsapp_forward,@user2504,Delhi,Dwarka,28.55738,77.012,"Dwarka experiencing heavy rainfall since morning, visibility very low on the highway. #ColdWave #Monsoon2026",rainfall,moderate,0.29,0,
424e8567,2026-09-02 09:19:00,whatsapp_forward,@user99882,Chhattisgarh,Surguja,23.16323,83.24116,Farmers in Surguja worried as flooding continues for the third day. #ColdWave #Cyclone,flood,severe,0.26,0,5c271c86
b0afbeab,2026-09-02 16:06:00,whatsapp_forward,@user28884,Chhattisgarh,Raipur,21.2684,81.62068,"Raipur traffic disrupted due to flooding, several vehicles stranded on the flyover. #IMD #HeatWave #StaySafe",flood,severe,0.18,0,
94e57f9a,2026-09-06 21:27:00,instagram,@user61903,Bihar,Gaya,24.77554,84.97427,"Heavy heavy rainfall reported in Gaya, Bihar right now. Roads getting waterlogged near main market. #WeatherAlert #IMD #Cyclone",rainfall,moderate,0.48,0,
2e5ad790,2026-09-02 09:11:00,whatsapp_forward,@user60113,Odisha,Keonjhar,21.59828,85.59525,"Update from Keonjhar: flooding continuing, local authorities have issued an advisory. #Flood #Monsoon2026 #HeatWave",flood,severe,0.27,0,
9e1f38a3,2026-09-02 17:57:00,news_wire,@CitizenReporterIN,Chhattisgarh,Balrampur,23.1135,83.60328,"IMD had warned about this — flooding now active over Balrampur, Chhattisgarh. #WeatherAlert #StaySafe",flood,severe,0.96,0,
fcfcb8bf,2026-09-05 20:40:00,citizen_app,@user10872,Maharashtra,Sindhudurg,16.16698,73.64319,"IMD had warned about this — heavy rainfall now active over Sindhudurg, Maharashtra. #ColdWave #RainAlert",rainfall,moderate,0.82,0,
bfab05e8,2026-09-03 15:39:00,citizen_app,@user91892,West Bengal,Kharagpur,22.34733,87.29715,Just saw heavy rainfall hit Kharagpur - power supply flickering in our area. #Monsoon2026 #Cyclone,rainfall,moderate,0.77,0,
ff6501e5,2026-09-05 22:48:00,whatsapp_forward,@CitizenReporterIN,Rajasthan,Kota,25.20323,75.89577,"School closed today in Kota because of heavy rainfall, notice came in this morning. #RainAlert #WeatherAlert",rainfall,moderate,0.34,0,69816bb0
32d6aee0,2026-09-05 11:01:00,whatsapp_forward,@CitizenReporterIN,Rajasthan,Alwar,27.51225,76.5901,Farmers in Alwar worried as heavy rainfall continues for the third day. #HeatWave,rainfall,moderate,0.29,0,
c9719318,2026-09-05 16:51:00,twitter,@user23460,Gujarat,Ahmedabad,23.01039,72.60014,Just saw heavy rainfall hit Ahmedabad - power supply flickering in our area. #Monsoon2026 #RainAlert,rainfall,moderate,0.64,0,
689dd5da,2026-09-05 23:19:00,citizen_app,@user66860,Gujarat,Rajkot,22.27455,70.83924,"School closed today in Rajkot because of heavy rainfall, notice came in this morning. #Cyclone",rainfall,moderate,0.79,0,
49aa0315,2026-09-05 20:35:00,citizen_app,@user52815,Delhi,Gurugram,28.48403,77.03142,"Gurugram ka mausam kharab, heavy rainfall ki wajah se traffic ruk gaya hai. #Flood #Cyclone",rainfall,severe,0.78,0,994ce1c3
ef522e94,2026-09-01 08:15:00,twitter,@user18781,Uttar Pradesh,Kanpur,26.47001,80.34682,"Heavy heavy rainfall reported in Kanpur, Uttar Pradesh right now. Roads getting waterlogged near main market. #Monsoon2026 #WeatherAlert",rainfall,moderate,0.53,0,
c8b1bbde,2026-09-01 12:46:00,citizen_app,@user73768,Uttar Pradesh,Ghaziabad,28.70723,77.47392,Farmers in Ghaziabad worried as heavy rainfall continues for the third day. #WeatherAlert,rainfall,moderate,0.8,0,
5b02af0b,2026-09-02 12:46:00,citizen_app,@user14587,Chhattisgarh,Korba,22.37307,82.7982,"Citizen report: flooding in Korba. Water level rising near the river bank, please avoid the area. #DustStorm",flood,severe,0.8,0,
4d627e21,2026-09-07 09:07:00,twitter,@user50081,Assam,Guwahati,26.15466,91.72706,"IMD had warned about this — flooding now active over Guwahati, Assam. #StaySafe",flood,moderate,0.51,0,
85e9b1d6,2026-09-05 10:40:00,whatsapp_forward,@user98612,Delhi,New Delhi,28.63743,77.1684,"School closed today in New Delhi because of heavy rainfall, notice came in this morning. #HeatWave #DustStorm",rainfall,severe,0.34,0,
6c48b52a,2026-09-02 09:20:00,whatsapp_forward,@user59979,Chhattisgarh,Jashpur,22.86973,84.18996,"Jashpur traffic disrupted due to flooding, several vehicles stranded on the flyover. #Cyclone #WeatherAlert",flood,severe,0.24,0,
8b96dadd,2026-05-28 06:58:00,instagram,@user75135,Rajasthan,Jaisalmer,26.96275,70.89561,NDRF teams reportedly moving into Jaisalmer as a heatwave worsens. #ColdWave,heatwave,severe,0.38,0,
af5a608c,2026-09-03 06:10:00,whatsapp_forward,@user29091,Madhya Pradesh,Rewa,24.50275,81.34315,"Rewa experiencing heavy rainfall since morning, visibility very low on the highway. #IMD #ColdWave",rainfall,severe,0.32,0,
62b52b7b,2026-09-05 14:55:00,facebook,@user18600,Jammu and Kashmir,Srinagar,34.05482,74.76464,"Srinagar traffic disrupted due to heavy rainfall, several vehicles stranded on the flyover. #ColdWave #Flood",rainfall,moderate,0.35,0,
6bfdea04,2026-01-14 21:52:00,instagram,@user42611,Punjab,Amritsar,31.62547,74.84646,"Amritsar mein bahut zyada a cold wave ho raha hai, sadkon par paani bhar gaya hai. #DustStorm",cold_wave,moderate,0.42,0,
fae95025,2026-09-05 12:27:00,whatsapp_forward,@user52684,Delhi,Gurugram,28.43158,76.98165,"School closed today in Gurugram because of heavy rainfall, notice came in this morning. #Cyclone #StaySafe #WeatherAlert",rainfall,severe,0.18,0,
2cda6d34,2026-09-05 21:29:00,citizen_app,@user71328,Rajasthan,Jaipur,26.86404,75.77123,"Heavy heavy rainfall reported in Jaipur, Rajasthan right now. Roads getting waterlogged near main market. #WeatherAlert #RainAlert",rainfall,moderate,0.68,0,
d8becc8e,2026-09-05 19:24:00,twitter,@user69464,Uttarakhand,Rudraprayag,30.26564,78.96393,Farmers in Rudraprayag worried as heavy rainfall continues for the third day. #Flood #RainAlert #IMD,rainfall,severe,0.47,0,
17849526,2026-09-07 08:03:00,twitter,@user17351,Assam,Guwahati,26.16715,91.7849,"Citizen report: flooding in Guwahati. Water level rising near the river bank, please avoid the area. #StaySafe #DustStorm",flood,moderate,0.54,0,
77247b2a,2026-09-06 05:06:00,facebook,@user94466,Bihar,Gaya,24.74746,84.99435,NDRF teams reportedly moving into Gaya as heavy rainfall worsens. #IMD #DustStorm,rainfall,moderate,0.44,0,
8796ce9d,2026-08-25 06:15:00,facebook,@user74905,Unverified,Noida,28.51159,77.37445,"URGENT: dam near Noida about to burst, everyone evacuate NOW, forward to everyone you know #StaySafe",heatwave,unverified,0.33,1,
efa1502c,2026-09-01 22:20:00,whatsapp_forward,@user30015,Uttar Pradesh,Kanpur,26.46713,80.34036,"Kanpur experiencing heavy rainfall since morning, visibility very low on the highway. #RainAlert #Monsoon2026 #IMD",rainfall,moderate,0.28,0,
ecef3168,2026-09-07 19:03:00,twitter,@user83075,Assam,Silchar,24.79185,92.73497,"Silchar experiencing flooding since morning, visibility very low on the highway. #IMD",flood,moderate,0.54,0,aa3c8a5f
8cb8cb4d,2026-09-01 11:43:00,facebook,@user14473,Delhi,Rohini,28.75775,77.02131,"Abhi Rohini mein heavy rainfall shuru hua, log ghar ke andar hi hain. #DustStorm",rainfall,moderate,0.42,0,
32214a36,2026-09-05 12:49:00,news_wire,@IMDWeather_Alt,Rajasthan,Jaipur,26.95191,75.80944,"Jaipur traffic disrupted due to heavy rainfall, several vehicles stranded on the flyover. #DustStorm",rainfall,moderate,0.87,0,c7ad337f
1e94138b,2026-09-01 10:47:00,news_wire,@CitizenReporterIN,Delhi,Karol Bagh,28.64836,77.19401,"School closed today in Karol Bagh because of heavy rainfall, notice came in this morning. #StaySafe #ColdWave #Monsoon2026",rainfall,moderate,0.89,0,
36cee894,2026-09-02 06:25:00,twitter,@DistrictAdmin_Official,Chhattisgarh,Jashpur,22.88586,84.14367,"IMD had warned about this — flooding now active over Jashpur, Chhattisgarh. #DustStorm #ColdWave #Cyclone",flood,severe,0.52,0,
7df42678,2026-09-02 23:28:00,news_wire,@CitizenReporterIN,Chhattisgarh,Raigarh,21.92225,83.38989,"School closed today in Raigarh because of flooding, notice came in this morning. #DustStorm",flood,severe,0.95,0,
756aeb9d,2026-05-30 20:35:00,instagram,@user90356,Uttar Pradesh,Jhansi,25.40156,78.58512,"IMD had warned about this — a heatwave now active over Jhansi, Uttar Pradesh. #ColdWave",heatwave,moderate,0.49,0,
7f1bfa9f,2026-09-03 21:54:00,instagram,@user65990,Madhya Pradesh,Satna,24.58507,80.84983,Farmers in Satna worried as heavy rainfall continues for the third day. #IMD #Cyclone #Flood,rainfall,severe,0.52,0,ef75bc2a
903f915d,2026-06-04 19:16:00,news_wire,@CitizenReporterIN,Delhi,Dwarka,28.57166,77.00282,"Dwarka experiencing a dust storm since morning, visibility very low on the highway. #Flood",dust_storm,moderate,0.99,0,
86ac4546,2026-09-02 13:08:00,news_wire,@NDRFHQ_Watch,Chhattisgarh,Jashpur,22.86135,84.18475,"Jashpur experiencing flooding since morning, visibility very low on the highway. #RainAlert #StaySafe",flood,severe,0.92,0,fc4a6e98
f95ed076,2026-09-02 09:47:00,facebook,@user48277,Odisha,Balasore,21.45277,86.94356,"Balasore experiencing flooding since morning, visibility very low on the highway. #Flood #ColdWave",flood,severe,0.37,0,da9df0cb
8f8af8e3,2026-07-12 23:30:00,whatsapp_forward,@user35478,Unverified,Balasore,21.49764,86.90584,"Balasore flooded because of cloud seeding conspiracy by neighbouring country, spread the word #ColdWave #IMD",heatwave,unverified,0.36,1,
72ff9382,2026-09-05 23:19:00,facebook,@user97974,Rajasthan,Alwar,27.57852,76.59829,"IMD had warned about this — heavy rainfall now active over Alwar, Rajasthan. #Monsoon2026 #IMD #HeatWave",rainfall,moderate,0.44,0,32d6aee0
1d73d85f,2026-01-14 07:31:00,twitter,@user28259,Punjab,Amritsar,31.62991,74.88189,"IMD had warned about this — a cold wave now active over Amritsar, Punjab. #WeatherAlert",cold_wave,moderate,0.53,0,
5d1c96f6,2026-09-02 12:31:00,news_wire,@CitizenReporterIN,Odisha,Sundargarh,22.13254,84.01346,Just saw flooding hit Sundargarh - power supply flickering in our area. #ColdWave #HeatWave #IMD,flood,severe,0.82,0,
e5b343e1,2026-01-14 18:08:00,facebook,@user52172,Punjab,Amritsar,31.60818,74.91965,"Amritsar traffic disrupted due to a cold wave, several vehicles stranded on the flyover. #Cyclone",cold_wave,moderate,0.55,0,6d40b3f2
da9f0610,2026-09-02 22:24:00,twitter,@user33441,Chhattisgarh,Surguja,23.13879,83.16927,"IMD had warned about this — flooding now active over Surguja, Chhattisgarh. #StaySafe #ColdWave",flood,severe,0.54,0,5c271c86
b733908e,2026-09-05 19:04:00,twitter,@DistrictAdmin_Official,Gujarat,Rajkot,22.29357,70.75327,"Update from Rajkot: heavy rainfall continuing, local authorities have issued an advisory. #Monsoon2026 #Cyclone",rainfall,moderate,0.59,0,
88f99e38,2026-09-05 22:41:00,whatsapp_forward,@user70984,Rajasthan,Jaipur,26.87639,75.75661,Just saw heavy rainfall hit Jaipur - power supply flickering in our area. #ColdWave #WeatherAlert,rainfall,moderate,0.34,0,
db9dda79,2026-01-16 23:00:00,citizen_app,@user38272,Haryana,Hisar,29.11161,75.68881,Just saw a cold wave hit Hisar - power supply flickering in our area. #IMD #HeatWave #Cyclone,cold_wave,moderate,0.68,0,
b2085f4e,2026-09-01 17:26:00,facebook,@user41966,Uttar Pradesh,Lucknow,26.88447,80.95133,Just saw heavy rainfall hit Lucknow - power supply flickering in our area. #DustStorm #Monsoon2026,rainfall,moderate,0.44,0,
fc4a6e98,2026-09-02 19:51:00,facebook,@user18009,Chhattisgarh,Jashpur,22.93731,84.16921,"Heavy flooding reported in Jashpur, Chhattisgarh right now. Roads getting waterlogged near main market. #StaySafe #DustStorm",flood,severe,0.47,0,
15c38210,2026-01-14 12:05:00,whatsapp_forward,@user17591,Punjab,Ludhiana,30.8533,75.85847,"URGENT: dam near Ludhiana about to burst, everyone evacuate NOW, forward to everyone you know #WeatherAlert #RainAlert",cold_wave,moderate,0.05,1,
323ff4fe,2026-09-05 21:09:00,news_wire,@CitizenReporterIN,Delhi,Noida,28.51787,77.38784,Farmers in Noida worried as heavy rainfall continues for the third day. #WeatherAlert,rainfall,severe,0.86,0,
834d7d73,2026-09-03 22:55:00,news_wire,@DistrictAdmin_Official,West Bengal,Howrah,22.5849,88.29335,"Update from Howrah: heavy rainfall continuing, local authorities have issued an advisory. #DustStorm #IMD",rainfall,moderate,0.82,0,420a92c0
496aea48,2026-08-10 22:32:00,facebook,@user46434,Unverified,Rewa,24.58054,81.33172,"100% confirmed Rewa bridge collapsed due to a dust storm, hundreds missing (unverified forward) #StaySafe",dust_storm,unverified,0.43,1,
312a19b4,2026-09-02 20:11:00,facebook,@user38941,Chhattisgarh,Balrampur,23.14963,83.55903,"Update from Balrampur: flooding continuing, local authorities have issued an advisory. #ColdWave",flood,severe,0.53,0,31a23c6c
43132321,2026-05-30 14:31:00,instagram,@CitizenReporterIN,Uttar Pradesh,Jhansi,25.4036,78.60148,"Heavy a heatwave reported in Jhansi, Uttar Pradesh right now. Roads getting waterlogged near main market. #Monsoon2026 #HeatWave",heatwave,moderate,0.4,0,b38fa2c5
e2f74d74,2026-09-03 11:09:00,citizen_app,@user32496,Madhya Pradesh,Rewa,24.55484,81.30187,"Citizen report: heavy rainfall in Rewa. Water level rising near the river bank, please avoid the area. #HeatWave #Cyclone",rainfall,severe,0.83,0,
54ac741a,2026-09-07 06:42:00,news_wire,@CitizenReporterIN,Assam,Guwahati,26.10343,91.74868,Just saw flooding hit Guwahati - power supply flickering in our area. #DustStorm #StaySafe,flood,moderate,0.95,0,
1c4d2bc4,2026-09-02 23:22:00,instagram,@NDRFHQ_Watch,Chhattisgarh,Jashpur,22.88548,84.17791,"Abhi Jashpur mein flooding shuru hua, log ghar ke andar hi hain. #RainAlert #Cyclone",flood,severe,0.45,0,
34b88cad,2026-09-05 23:41:00,news_wire,@IMDWeather_Alt,Gujarat,Ahmedabad,22.9904,72.59265,"School closed today in Ahmedabad because of heavy rainfall, notice came in this morning. #HeatWave #ColdWave",rainfall,moderate,0.84,0,
f50d7082,2026-05-30 10:27:00,twitter,@user87266,Uttar Pradesh,Banda,25.45188,80.36101,Farmers in Banda worried as a heatwave continues for the third day. #DustStorm #StaySafe,heatwave,moderate,0.45,0,
6e8d279e,2026-05-28 20:57:00,citizen_app,@user88225,Rajasthan,Barmer,25.70502,71.439,"IMD had warned about this — a heatwave now active over Barmer, Rajasthan. #HeatWave",heatwave,severe,0.68,0,
d772afcd,2026-09-05 06:08:00,facebook,@user16319,Rajasthan,Udaipur,24.63347,73.71987,"School closed today in Udaipur because of heavy rainfall, notice came in this morning. #WeatherAlert #Monsoon2026",rainfall,moderate,0.41,0,
fe873a22,2026-09-03 08:19:00,twitter,@user62727,Madhya Pradesh,Jabalpur,23.19152,79.95637,"IMD had warned about this — heavy rainfall now active over Jabalpur, Madhya Pradesh. #Monsoon2026",rainfall,severe,0.55,0,
921b329a,2026-09-05 21:59:00,whatsapp_forward,@user88060,Maharashtra,Panaji,15.50664,73.78683,Just saw heavy rainfall hit Panaji - power supply flickering in our area. #Cyclone,rainfall,moderate,0.32,0,
bbd946cb,2026-09-05 22:40:00,whatsapp_forward,@user28147,Gujarat,Rajkot,22.33744,70.81861,"Rajkot traffic disrupted due to heavy rainfall, several vehicles stranded on the flyover. #WeatherAlert #DustStorm #StaySafe",rainfall,moderate,0.34,0,
a73aed14,2026-09-01 23:13:00,citizen_app,@user31539,Uttar Pradesh,Kanpur,26.49701,80.28696,"Update from Kanpur: heavy rainfall continuing, local authorities have issued an advisory. #RainAlert #WeatherAlert #Cyclone",rainfall,moderate,0.72,0,3962e94b
a88ebede,2026-09-06 13:11:00,twitter,@user53286,Bihar,Gaya,24.77782,84.95495,NDRF teams reportedly moving into Gaya as heavy rainfall worsens. #WeatherAlert #ColdWave,rainfall,moderate,0.47,0,
9d95a264,2026-09-05 14:37:00,twitter,@user20087,Gujarat,Ahmedabad,23.01696,72.54572,"Abhi Ahmedabad mein heavy rainfall shuru hua, log ghar ke andar hi hain. #StaySafe #DustStorm",rainfall,moderate,0.48,0,
693c2081,2026-09-05 15:22:00,citizen_app,@user57925,Delhi,Noida,28.57627,77.40052,"Noida ka mausam kharab, heavy rainfall ki wajah se traffic ruk gaya hai. #WeatherAlert #IMD",rainfall,severe,0.73,0,
dc57cb04,2026-01-14 12:04:00,twitter,@user49714,Punjab,Ludhiana,30.90405,75.84713,"Citizen report: a cold wave in Ludhiana. Water level rising near the river bank, please avoid the area. #Flood #DustStorm",cold_wave,moderate,0.52,0,
0f612966,2026-05-28 10:46:00,facebook,@user56576,Rajasthan,Jaisalmer,26.92058,70.93782,"Jaisalmer experiencing a heatwave since morning, visibility very low on the highway. #Monsoon2026 #HeatWave",heatwave,severe,0.39,0,dc2f68d7
6e8e17d3,2026-09-05 10:13:00,facebook,@user46229,Jammu and Kashmir,Srinagar,34.04821,74.84069,"Srinagar traffic disrupted due to heavy rainfall, several vehicles stranded on the flyover. #RainAlert #Monsoon2026",rainfall,moderate,0.36,0,
0a3ad2d5,2026-09-05 16:18:00,citizen_app,@user7202,Rajasthan,Udaipur,24.5812,73.71923,"IMD had warned about this — heavy rainfall now active over Udaipur, Rajasthan. #Monsoon2026",rainfall,moderate,0.68,0,
3a90bc55,2026-09-03 19:11:00,facebook,@user63204,Madhya Pradesh,Rewa,24.52244,81.27361,"My cousin's friend said Rewa got 10 feet of water in one hour, whole city gone, unbelievable #WeatherAlert #IMD",rainfall,severe,0.22,1,
346c89e8,2026-09-02 09:54:00,news_wire,@IMDWeather_Alt,Chhattisgarh,Korba,22.33553,82.74473,"School closed today in Korba because of flooding, notice came in this morning. #WeatherAlert",flood,severe,0.89,0,
9cabee6d,2026-09-04 10:30:00,citizen_app,@user29647,Jharkhand,Ranchi,23.36418,85.28593,"Ranchi ka mausam kharab, heavy rainfall ki wajah se traffic ruk gaya hai. #WeatherAlert #StaySafe",rainfall,moderate,0.83,0,
d78a4831,2026-09-05 13:10:00,instagram,@user20154,Rajasthan,Alwar,27.53918,76.63265,"School closed today in Alwar because of heavy rainfall, notice came in this morning. #WeatherAlert #DustStorm #IMD",rainfall,moderate,0.41,0,
266ed151,2026-09-03 19:29:00,instagram,@user36200,Madhya Pradesh,Jabalpur,23.18591,79.95489,"School closed today in Jabalpur because of heavy rainfall, notice came in this morning. #HeatWave",rainfall,severe,0.46,0,ee00d56d
87b94d14,2026-09-07 23:30:00,facebook,@user8977,Unverified,New Delhi,28.60992,77.16443,"Scientists confirm a dust storm in New Delhi caused by secret weather weapon testing, wake up people #DustStorm",dust_storm,unverified,0.13,1,
d84f3399,2026-09-03 05:14:00,twitter,@user41037,Madhya Pradesh,Rewa,24.51331,81.29465,"Heavy heavy rainfall reported in Rewa, Madhya Pradesh right now. Roads getting waterlogged near main market. #Flood #Cyclone",rainfall,severe,0.59,0,
e3746626,2026-09-04 10:37:00,news_wire,@CitizenReporterIN,Jharkhand,Dhanbad,23.83212,86.42712,Farmers in Dhanbad worried as heavy rainfall continues for the third day. #Flood #StaySafe,rainfall,moderate,0.93,0,
51d2f406,2026-09-03 23:06:00,instagram,@NDRFHQ_Watch,Madhya Pradesh,Rewa,24.57595,81.33886,"School closed today in Rewa because of heavy rainfall, notice came in this morning. #StaySafe #ColdWave",rainfall,severe,0.46,0,
3cbfb9dc,2026-09-03 07:25:00,whatsapp_forward,@user2388,West Bengal,Kharagpur,22.30253,87.35091,"Update from Kharagpur: heavy rainfall continuing, local authorities have issued an advisory. #StaySafe #Cyclone",rainfall,moderate,0.28,0,
f97e1c2f,2026-09-05 18:13:00,instagram,@user74196,Gujarat,Surat,21.17546,72.82797,"Surat experiencing heavy rainfall since morning, visibility very low on the highway. #RainAlert #ColdWave",rainfall,moderate,0.36,0,63ae6312
35d15079,2026-09-02 09:24:00,whatsapp_forward,@user99717,Odisha,Sundargarh,22.07378,84.02161,"Sundargarh experiencing flooding since morning, visibility very low on the highway. #DustStorm #HeatWave",flood,severe,0.32,0,
89274951,2026-07-20 06:48:00,facebook,@user17506,Unverified,Gaya,24.80702,84.97964,"Gaya flooded because of cloud seeding conspiracy by neighbouring country, spread the word #Flood #StaySafe",rainfall,unverified,0.19,1,
38a3cecd,2026-06-04 08:05:00,facebook,@user15201,Delhi,Dwarka,28.58092,77.04223,"Scientists confirm a dust storm in Dwarka caused by secret weather weapon testing, wake up people #Monsoon2026 #StaySafe",dust_storm,moderate,0.34,1,
3267bc42,2026-01-14 10:11:00,facebook,@user24419,Punjab,Amritsar,31.59136,74.91822,"URGENT: dam near Amritsar about to burst, everyone evacuate NOW, forward to everyone you know #ColdWave #DustStorm",cold_wave,moderate,0.25,1,
9f36bb00,2026-09-06 21:02:00,twitter,@user45267,Bihar,Muzaffarpur,26.09597,85.39628,"IMD had warned about this — heavy rainfall now active over Muzaffarpur, Bihar. #Flood #Cyclone",rainfall,moderate,0.54,0,
b24023d0,2026-09-06 21:04:00,whatsapp_forward,@NDRFHQ_Watch,Bihar,Muzaffarpur,26.11838,85.42584,"Heavy heavy rainfall reported in Muzaffarpur, Bihar right now. Roads getting waterlogged near main market. #Flood #IMD",rainfall,moderate,0.23,0,
bae38c2f,2026-09-05 17:31:00,whatsapp_forward,@user75560,Maharashtra,Sindhudurg,16.20274,73.597,"Sindhudurg traffic disrupted due to heavy rainfall, several vehicles stranded on the flyover. #HeatWave",rainfall,moderate,0.29,0,
ff4dbf4b,2026-06-02 21:27:00,whatsapp_forward,@user40883,Rajasthan,Jodhpur,26.22963,73.00494,"URGENT: dam near Jodhpur about to burst, everyone evacuate NOW, forward to everyone you know #DustStorm",dust_storm,moderate,0.02,1,
18cd8af0,2026-09-01 23:27:00,facebook,@user82399,Uttar Pradesh,Meerut,28.99513,77.73547,"Meerut traffic disrupted due to heavy rainfall, several vehicles stranded on the flyover. #Monsoon2026 #HeatWave",rainfall,moderate,0.36,0,
cfeeaf18,2026-09-06 22:21:00,whatsapp_forward,@user95225,Bihar,Muzaffarpur,26.10703,85.42178,Just saw heavy rainfall hit Muzaffarpur - power supply flickering in our area. #WeatherAlert #IMD,rainfall,moderate,0.3,0,a3de10bd
83dbd11c,2026-09-02 05:05:00,facebook,@NDRFHQ_Watch,Chhattisgarh,Jashpur,22.89798,84.14806,NDRF teams reportedly moving into Jashpur as flooding worsens. #Cyclone #IMD,flood,severe,0.48,0,
18882321,2026-09-07 22:36:00,whatsapp_forward,@user75743,Assam,Guwahati,26.16522,91.7434,"Guwahati experiencing flooding since morning, visibility very low on the highway. #StaySafe #WeatherAlert #RainAlert",flood,moderate,0.25,0,
66bbf79b,2026-09-05 17:54:00,news_wire,@IMDWeather_Alt,Jammu and Kashmir,Udhampur,32.94691,75.18206,"Udhampur ka mausam kharab, heavy rainfall ki wajah se traffic ruk gaya hai. #Monsoon2026 #ColdWave",rainfall,moderate,0.91,0,1f273b4f
3a030880,2026-09-07 07:34:00,instagram,@CitizenReporterIN,Assam,Dibrugarh,27.51294,94.92927,"School closed today in Dibrugarh because of flooding, notice came in this morning. #StaySafe #WeatherAlert",flood,moderate,0.48,0,
ff3c0ef0,2026-09-05 17:14:00,instagram,@user99190,Gujarat,Surat,21.14838,72.81576,NDRF teams reportedly moving into Surat as heavy rainfall worsens. #IMD #Monsoon2026 #Flood,rainfall,moderate,0.39,0,63ae6312
281ca72d,2026-09-06 15:09:00,whatsapp_forward,@CitizenReporterIN,Bihar,Gaya,24.83424,84.952,"Gaya experiencing heavy rainfall since morning, visibility very low on the highway. #DustStorm #WeatherAlert",rainfall,moderate,0.32,0,
26337a3f,2026-09-05 10:12:00,facebook,@NDRFHQ_Watch,Gujarat,Ahmedabad,22.99241,72.54981,"Update from Ahmedabad: heavy rainfall continuing, local authorities have issued an advisory. #StaySafe #RainAlert",rainfall,moderate,0.53,0,9d95a264
46d614d1,2026-09-03 23:06:00,news_wire,@CitizenReporterIN,Madhya Pradesh,Jabalpur,23.22637,79.97556,"Jabalpur ka mausam kharab, heavy rainfall ki wajah se traffic ruk gaya hai. #Cyclone #RainAlert",rainfall,severe,0.83,0,
d637fa84,2026-06-02 05:48:00,twitter,@user6733,Rajasthan,Bikaner,28.04533,73.27563,"Bikaner traffic disrupted due to a dust storm, several vehicles stranded on the flyover. #IMD #WeatherAlert",dust_storm,moderate,0.48,0,
25cc2d0a,2026-09-01 19:49:00,twitter,@user78812,Uttar Pradesh,Lucknow,26.82908,80.91362,"Lucknow traffic disrupted due to heavy rainfall, several vehicles stranded on the flyover. #WeatherAlert #Cyclone #Monsoon2026",rainfall,moderate,0.47,0,
81e5e69e,2026-07-08 10:18:00,facebook,@NDRFHQ_Watch,Unverified,Karnal,29.73479,76.94199,"URGENT: dam near Karnal about to burst, everyone evacuate NOW, forward to everyone you know #WeatherAlert",cold_wave,unverified,0.07,1,
9d4edcb6,2026-01-16 06:07:00,twitter,@NDRFHQ_Watch,Haryana,Hisar,29.17163,75.69433,"Citizen report: a cold wave in Hisar. Water level rising near the river bank, please avoid the area. #IMD #Cyclone #HeatWave",cold_wave,moderate,0.47,0,
79ebdd8a,2026-09-01 21:29:00,whatsapp_forward,@DistrictAdmin_Official,Delhi,Karol Bagh,28.64187,77.15566,"Karol Bagh mein bahut zyada heavy rainfall ho raha hai, sadkon par paani bhar gaya hai. #RainAlert #Flood",rainfall,moderate,0.33,0,d0a55886
da204575,2026-09-05 18:29:00,citizen_app,@user87386,Gujarat,Rajkot,22.32393,70.82336,"Update from Rajkot: heavy rainfall continuing, local authorities have issued an advisory. #RainAlert #Flood",rainfall,moderate,0.69,0,
3a0dbcd9,2026-09-05 14:20:00,instagram,@user50668,Uttarakhand,Nainital,29.42063,79.42194,"Citizen report: heavy rainfall in Nainital. Water level rising near the river bank, please avoid the area. #WeatherAlert",rainfall,severe,0.51,0,
b3b6ba7b,2026-09-03 05:24:00,instagram,@user23650,Madhya Pradesh,Bhopal,23.29079,77.37485,"Bhopal ka mausam kharab, heavy rainfall ki wajah se traffic ruk gaya hai. #ColdWave #Monsoon2026",rainfall,severe,0.42,0,
c34d6459,2026-09-05 16:14:00,whatsapp_forward,@user10289,Delhi,Noida,28.50466,77.34418,"School closed today in Noida because of heavy rainfall, notice came in this morning. #Cyclone #HeatWave #IMD",rainfall,severe,0.15,0,
3e7ceaa7,2026-09-05 19:36:00,instagram,@IMDWeather_Alt,Gujarat,Rajkot,22.35301,70.79677,Just saw heavy rainfall hit Rajkot - power supply flickering in our area. #DustStorm #Monsoon2026 #StaySafe,rainfall,moderate,0.41,0,
27c582b7,2026-09-06 19:27:00,instagram,@CitizenReporterIN,Bihar,Gaya,24.81026,85.02076,Farmers in Gaya worried as heavy rainfall continues for the third day. #HeatWave,rainfall,moderate,0.41,0,
7b286327,2026-06-02 09:30:00,twitter,@user59238,Rajasthan,Bikaner,28.06676,73.32186,"Bikaner experiencing a dust storm since morning, visibility very low on the highway. #DustStorm #WeatherAlert #RainAlert",dust_storm,moderate,0.61,0,
36811521,2026-09-04 23:30:00,news_wire,@DistrictAdmin_Official,Jharkhand,Ranchi,23.34543,85.28537,NDRF teams reportedly moving into Ranchi as heavy rainfall worsens. #Monsoon2026 #ColdWave,rainfall,moderate,0.95,0,
91e3ffd1,2026-09-02 14:29:00,instagram,@user16717,Odisha,Sambalpur,21.43334,83.97221,"Citizen report: flooding in Sambalpur. Water level rising near the river bank, please avoid the area. #Monsoon2026",flood,severe,0.37,0,
eec7a865,2026-05-28 18:21:00,twitter,@user45967,Rajasthan,Bikaner,27.99401,73.34108,"Bikaner flooded because of cloud seeding conspiracy by neighbouring country, spread the word #Monsoon2026 #Cyclone",heatwave,severe,0.29,1,
63ac77a4,2026-09-02 23:15:00,twitter,@user39177,Chhattisgarh,Korba,22.3734,82.76238,"Abhi Korba mein flooding shuru hua, log ghar ke andar hi hain. #StaySafe",flood,severe,0.54,0,
d0a55886,2026-09-01 16:19:00,twitter,@user30831,Delhi,Karol Bagh,28.67203,77.17915,Just saw heavy rainfall hit Karol Bagh - power supply flickering in our area. #Monsoon2026,rainfall,moderate,0.49,0,
9ffb3141,2026-09-05 23:10:00,citizen_app,@user13418,Gujarat,Rajkot,22.26063,70.77406,"School closed today in Rajkot because of heavy rainfall, notice came in this morning. #StaySafe",rainfall,moderate,0.77,0,
de25197d,2026-09-02 12:52:00,facebook,@user76511,Chhattisgarh,Surguja,23.14005,83.18723,"Surguja flooded because of cloud seeding conspiracy by neighbouring country, spread the word #IMD",flood,severe,0.07,1,
e5983156,2026-09-03 18:17:00,instagram,@user18603,West Bengal,Kharagpur,22.31665,87.30533,"Citizen report: heavy rainfall in Kharagpur. Water level rising near the river bank, please avoid the area. #RainAlert",rainfall,moderate,0.49,0,
6c860310,2026-06-04 23:04:00,whatsapp_forward,@user78847,Delhi,New Delhi,28.63348,77.17331,"Abhi New Delhi mein a dust storm shuru hua, log ghar ke andar hi hain. #IMD #WeatherAlert",dust_storm,moderate,0.32,0,
dc315ffe,2026-09-05 19:55:00,whatsapp_forward,@user91159,Uttarakhand,Dehradun,30.36152,78.00446,Just saw heavy rainfall hit Dehradun - power supply flickering in our area. #Flood,rainfall,severe,0.21,0,
75054c76,2026-09-02 21:09:00,whatsapp_forward,@user82235,Odisha,Balasore,21.44591,86.96302,"Update from Balasore: flooding continuing, local authorities have issued an advisory. #WeatherAlert",flood,severe,0.26,0,
ba74a51f,2026-09-01 14:32:00,instagram,@user82167,Delhi,Karol Bagh,28.66257,77.17312,Just saw heavy rainfall hit Karol Bagh - power supply flickering in our area. #Monsoon2026 #Flood #WeatherAlert,rainfall,moderate,0.42,0,
56efa745,2026-05-30 14:44:00,facebook,@user92895,Uttar Pradesh,Prayagraj,25.42503,81.83854,"Scientists confirm a heatwave in Prayagraj caused by secret weather weapon testing, wake up people #ColdWave #WeatherAlert",heatwave,moderate,0.23,1,
69a08028,2026-09-03 23:42:00,news_wire,@DistrictAdmin_Official,West Bengal,Kharagpur,22.3416,87.29028,"Update from Kharagpur: heavy rainfall continuing, local authorities have issued an advisory. #Cyclone",rainfall,moderate,0.95,0,
c4789e9f,2026-09-05 20:50:00,citizen_app,@user39477,Maharashtra,Ratnagiri,17.00066,73.2947,"Ratnagiri experiencing heavy rainfall since morning, visibility very low on the highway. #StaySafe",rainfall,moderate,0.78,0,
ae19158f,2026-09-05 19:18:00,facebook,@user16408,Uttarakhand,Haridwar,29.91071,78.20108,"Heavy heavy rainfall reported in Haridwar, Uttarakhand right now. Roads getting waterlogged near main market. #HeatWave #Cyclone",rainfall,severe,0.53,0,
6496e388,2026-09-05 13:08:00,instagram,@user37073,Jammu and Kashmir,Srinagar,34.10744,74.75003,"Srinagar ka mausam kharab, heavy rainfall ki wajah se traffic ruk gaya hai. #HeatWave",rainfall,moderate,0.52,0,62b52b7b
c10fd293,2026-09-05 12:24:00,twitter,@user59059,Delhi,New Delhi,28.61091,77.17822,"My cousin's friend said New Delhi got 10 feet of water in one hour, whole city gone, unbelievable #WeatherAlert",rainfall,severe,0.32,1,
01d125c7,2026-09-05 05:18:00,twitter,@user86119,Delhi,Gurugram,28.41481,77.04208,"Gurugram ka mausam kharab, heavy rainfall ki wajah se traffic ruk gaya hai. #DustStorm #WeatherAlert",rainfall,severe,0.53,0,
1bad7a6d,2026-05-28 18:28:00,facebook,@user82844,Rajasthan,Bikaner,28.01797,73.34334,"Update from Bikaner: a heatwave continuing, local authorities have issued an advisory. #HeatWave",heatwave,severe,0.37,0,
5ca9be98,2026-09-04 20:35:00,facebook,@CitizenReporterIN,Jharkhand,Dhanbad,23.82009,86.45537,"Dhanbad experiencing heavy rainfall since morning, visibility very low on the highway. #WeatherAlert",rainfall,moderate,0.45,0,
a2e990b1,2026-09-01 15:50:00,facebook,@user88806,Delhi,Rohini,28.79688,77.08145,"Update from Rohini: heavy rainfall continuing, local authorities have issued an advisory. #IMD #Flood",rainfall,moderate,0.52,0,
5c271c86,2026-09-02 21:28:00,news_wire,@NDRFHQ_Watch,Chhattisgarh,Surguja,23.12657,83.18858,Farmers in Surguja worried as flooding continues for the third day. #RainAlert #Cyclone #WeatherAlert,flood,severe,0.82,0,
5181a772,2026-09-03 11:34:00,twitter,@user98173,West Bengal,Howrah,22.64143,88.2674,Just saw heavy rainfall hit Howrah - power supply flickering in our area. #RainAlert #ColdWave #WeatherAlert,rainfall,moderate,0.61,0,
2a1daf28,2026-09-05 17:49:00,facebook,@user64827,Rajasthan,Jaipur,26.89939,75.7538,"Heavy heavy rainfall reported in Jaipur, Rajasthan right now. Roads getting waterlogged near main market. #WeatherAlert",rainfall,moderate,0.37,0,c7ad337f
eb4703a3,2026-05-30 21:52:00,citizen_app,@user61693,Uttar Pradesh,Jhansi,25.42741,78.56681,NDRF teams reportedly moving into Jhansi as a heatwave worsens. #RainAlert #HeatWave,heatwave,moderate,0.83,0,
e1d50ee6,2026-09-01 07:50:00,twitter,@user35663,Uttar Pradesh,Kanpur,26.48032,80.32873,Just saw heavy rainfall hit Kanpur - power supply flickering in our area. #ColdWave #StaySafe #DustStorm,rainfall,moderate,0.56,0,
45689d10,2026-09-05 10:49:00,whatsapp_forward,@IMDWeather_Alt,Jammu and Kashmir,Udhampur,32.9236,75.18522,"IMD had warned about this — heavy rainfall now active over Udhampur, Jammu and Kashmir. #DustStorm #HeatWave",rainfall,moderate,0.23,0,
1081a98a,2026-09-05 21:07:00,twitter,@user77735,Uttarakhand,Haridwar,29.91235,78.14364,"Update from Haridwar: heavy rainfall continuing, local authorities have issued an advisory. #Monsoon2026 #WeatherAlert",rainfall,severe,0.64,0,
769ffba7,2026-08-01 17:44:00,facebook,@user92925,Unverified,Jaisalmer,26.86784,70.86384,"Jaisalmer flooded because of cloud seeding conspiracy by neighbouring country, spread the word #IMD #StaySafe",heatwave,unverified,0.14,1,
e1a10245,2026-09-04 19:26:00,instagram,@user4027,Jharkhand,Dhanbad,23.81674,86.44094,"School closed today in Dhanbad because of heavy rainfall, notice came in this morning. #Cyclone #StaySafe",rainfall,moderate,0.38,0,8853d3a2
2d5cb217,2026-09-02 23:43:00,whatsapp_forward,@user30937,Odisha,Sambalpur,21.46242,83.96161,"Sambalpur flooded because of cloud seeding conspiracy by neighbouring country, spread the word #DustStorm",flood,severe,0.16,1,b1dbef0f
07303758,2026-09-03 13:25:00,whatsapp_forward,@user80777,Madhya Pradesh,Sagar,23.87659,78.71421,NDRF teams reportedly moving into Sagar as heavy rainfall worsens. #IMD #Flood,rainfall,severe,0.29,0,
dfaef2ac,2026-06-02 13:51:00,citizen_app,@user11009,Rajasthan,Bikaner,28.03963,73.29206,"Bikaner experiencing a dust storm since morning, visibility very low on the highway. #Monsoon2026 #DustStorm",dust_storm,moderate,0.81,0,
8c2585a3,2026-09-06 10:05:00,instagram,@user80174,Bihar,Gaya,24.81791,85.02514,"IMD had warned about this — heavy rainfall now active over Gaya, Bihar. #Flood #RainAlert",rainfall,moderate,0.4,0,
95c0b093,2026-09-02 17:23:00,citizen_app,@user99290,Chhattisgarh,Korba,22.34465,82.70434,"Korba traffic disrupted due to flooding, several vehicles stranded on the flyover. #IMD #WeatherAlert",flood,severe,0.79,0,
2a849120,2026-01-16 10:50:00,instagram,@user84479,Haryana,Karnal,29.70565,76.98096,"Karnal ka mausam kharab, a cold wave ki wajah se traffic ruk gaya hai. #Monsoon2026 #RainAlert",cold_wave,moderate,0.41,0,
f77d91a4,2026-09-06 18:40:00,instagram,@user6300,Bihar,Gaya,24.79314,85.00571,"Abhi Gaya mein heavy rainfall shuru hua, log ghar ke andar hi hain. #Cyclone #Flood",rainfall,moderate,0.45,0,
6f2f190d,2026-09-01 09:00:00,news_wire,@NDRFHQ_Watch,Uttar Pradesh,Lucknow,26.8951,80.99495,"Update from Lucknow: heavy rainfall continuing, local authorities have issued an advisory. #IMD",rainfall,moderate,0.96,0,
f3f9b10d,2026-09-02 07:45:00,whatsapp_forward,@user60988,Chhattisgarh,Korba,22.31393,82.7547,"School closed today in Korba because of flooding, notice came in this morning. #Monsoon2026 #Flood #StaySafe",flood,severe,0.16,0,5cd5f071
cbb2ae5a,2026-09-05 08:02:00,twitter,@user21461,Delhi,Noida,28.50769,77.42657,"IMD had warned about this — heavy rainfall now active over Noida, Delhi. #StaySafe #Cyclone #Flood",rainfall,severe,0.48,0,
8de0c0dd,2026-09-03 22:25:00,citizen_app,@user37202,Madhya Pradesh,Sagar,23.80359,78.7473,"Sagar experiencing heavy rainfall since morning, visibility very low on the highway. #ColdWave",rainfall,severe,0.75,0,
4c8ebf48,2026-05-28 11:00:00,twitter,@NDRFHQ_Watch,Rajasthan,Jaisalmer,26.90321,70.9189,"School closed today in Jaisalmer because of a heatwave, notice came in this morning. #Flood",heatwave,severe,0.55,0,
c9963e85,2026-09-01 20:54:00,facebook,@user64904,Uttar Pradesh,Ghaziabad,28.62787,77.49196,NDRF teams reportedly moving into Ghaziabad as heavy rainfall worsens. #ColdWave #DustStorm #IMD,rainfall,moderate,0.39,0,
b8673c18,2026-09-07 15:24:00,twitter,@user16026,Assam,Guwahati,26.099,91.7724,"Update from Guwahati: flooding continuing, local authorities have issued an advisory. #IMD #StaySafe",flood,moderate,0.65,0,
994ce1c3,2026-09-05 21:02:00,whatsapp_forward,@user75044,Delhi,Gurugram,28.49445,77.06947,"Gurugram traffic disrupted due to heavy rainfall, several vehicles stranded on the flyover. #HeatWave",rainfall,severe,0.18,0,
05388566,2026-09-01 13:59:00,instagram,@user60638,Delhi,Rohini,28.74806,77.02787,"Update from Rohini: heavy rainfall continuing, local authorities have issued an advisory. #IMD #ColdWave",rainfall,moderate,0.41,0,
cff4bd6d,2026-09-03 05:42:00,facebook,@IMDWeather_Alt,Madhya Pradesh,Satna,24.56654,80.83701,"School closed today in Satna because of heavy rainfall, notice came in this morning. #RainAlert #IMD",rainfall,severe,0.52,0,
558a2481,2026-01-14 22:10:00,twitter,@user27707,Punjab,Amritsar,31.63573,74.86604,"Update from Amritsar: a cold wave continuing, local authorities have issued an advisory. #WeatherAlert #ColdWave #HeatWave",cold_wave,moderate,0.47,0,6d40b3f2
fd8d9ee4,2026-09-01 05:18:00,citizen_app,@user77931,Uttar Pradesh,Moradabad,28.87653,78.8097,"Moradabad traffic disrupted due to heavy rainfall, several vehicles stranded on the flyover. #StaySafe #HeatWave",rainfall,moderate,0.77,0,
b43831e5,2026-09-03 06:06:00,instagram,@user25901,Madhya Pradesh,Jabalpur,23.1653,80.03493,"Jabalpur traffic disrupted due to heavy rainfall, several vehicles stranded on the flyover. #Flood #ColdWave #Cyclone",rainfall,severe,0.43,0,
132cce0c,2026-09-07 13:07:00,instagram,@user62156,Assam,Dibrugarh,27.51111,94.8622,"Heavy flooding reported in Dibrugarh, Assam right now. Roads getting waterlogged near main market. #ColdWave #Cyclone",flood,moderate,0.45,0,
59fb2aea,2026-09-01 12:06:00,twitter,@user40529,Uttar Pradesh,Ghaziabad,28.6504,77.47153,"My cousin's friend said Ghaziabad got 10 feet of water in one hour, whole city gone, unbelievable #WeatherAlert",rainfall,moderate,0.24,1,
9488c43b,2026-09-04 20:57:00,news_wire,@NDRFHQ_Watch,Jharkhand,Jamshedpur,22.82094,86.21428,"School closed today in Jamshedpur because of heavy rainfall, notice came in this morning. #Cyclone #DustStorm",rainfall,moderate,0.9,0,
cd506db8,2026-01-16 11:33:00,facebook,@user74525,Haryana,Hisar,29.16803,75.74338,"My cousin's friend said Hisar got 10 feet of water in one hour, whole city gone, unbelievable #RainAlert #StaySafe",cold_wave,moderate,0.05,1,
75ab4fc7,2026-01-16 08:59:00,twitter,@user47455,Haryana,Karnal,29.72511,76.9592,Farmers in Karnal worried as a cold wave continues for the third day. #DustStorm #HeatWave,cold_wave,moderate,0.54,0,42b74c7a
363f51a1,2026-09-06 09:22:00,whatsapp_forward,@user49163,Bihar,Gaya,24.82345,84.97789,"IMD had warned about this — heavy rainfall now active over Gaya, Bihar. #ColdWave #HeatWave",rainfall,moderate,0.25,0,
f15c8e6f,2026-06-04 14:35:00,whatsapp_forward,@user12425,Delhi,Dwarka,28.5496,77.01124,"Dwarka experiencing a dust storm since morning, visibility very low on the highway. #Flood",dust_storm,moderate,0.25,0,
0e062097,2026-09-02 18:45:00,instagram,@user65054,Odisha,Keonjhar,21.62816,85.55121,Farmers in Keonjhar worried as flooding continues for the third day. #Monsoon2026 #ColdWave #Cyclone,flood,severe,0.38,0,
124e250f,2026-08-02 05:11:00,twitter,@user98596,Unverified,Jaisalmer,26.94987,70.91297,"100% confirmed Jaisalmer bridge collapsed due to flooding, hundreds missing (unverified forward) #Cyclone #WeatherAlert",flood,unverified,0.33,1,
c7cae3eb,2026-06-02 09:02:00,news_wire,@DistrictAdmin_Official,Rajasthan,Jodhpur,26.19876,73.06848,"School closed today in Jodhpur because of a dust storm, notice came in this morning. #StaySafe",dust_storm,moderate,0.84,0,
f5e28092,2026-09-02 05:47:00,citizen_app,@user68861,Chhattisgarh,Korba,22.31719,82.71387,"IMD had warned about this — flooding now active over Korba, Chhattisgarh. #WeatherAlert",flood,severe,0.73,0,
0b643f04,2026-09-03 23:57:00,facebook,@user75905,Madhya Pradesh,Jabalpur,23.21819,79.98388,"Jabalpur experiencing heavy rainfall since morning, visibility very low on the highway. #IMD #StaySafe",rainfall,severe,0.49,0,
ae873d50,2026-09-01 19:21:00,instagram,@user7734,Uttar Pradesh,Meerut,29.00424,77.66903,"Meerut mein bahut zyada heavy rainfall ho raha hai, sadkon par paani bhar gaya hai. #Monsoon2026 #Cyclone",rainfall,moderate,0.4,0,
9d962a50,2026-06-02 07:30:00,news_wire,@CitizenReporterIN,Rajasthan,Jodhpur,26.27661,73.05964,"Citizen report: a dust storm in Jodhpur. Water level rising near the river bank, please avoid the area. #WeatherAlert #ColdWave",dust_storm,moderate,0.9,0,
ba7ea843,2026-05-30 18:20:00,whatsapp_forward,@user90037,Uttar Pradesh,Prayagraj,25.41714,81.83432,"Prayagraj mein bahut zyada a heatwave ho raha hai, sadkon par paani bhar gaya hai. #ColdWave",heatwave,moderate,0.34,0,
3fe0082a,2026-09-02 09:41:00,instagram,@user16549,Chhattisgarh,Surguja,23.10804,83.24629,"Surguja traffic disrupted due to flooding, several vehicles stranded on the flyover. #WeatherAlert #StaySafe",flood,severe,0.39,0,
be9ccda6,2026-09-02 12:42:00,news_wire,@NDRFHQ_Watch,Odisha,Mayurbhanj,21.97054,86.75887,"Abhi Mayurbhanj mein flooding shuru hua, log ghar ke andar hi hain. #WeatherAlert",flood,severe,0.83,0,
7150e708,2026-05-30 22:32:00,whatsapp_forward,@user13977,Uttar Pradesh,Banda,25.47814,80.36398,"Update from Banda: a heatwave continuing, local authorities have issued an advisory. #Monsoon2026 #DustStorm #StaySafe",heatwave,moderate,0.28,0,142ea3c7
faa247fc,2026-09-03 10:56:00,twitter,@user96942,Madhya Pradesh,Jabalpur,23.21142,79.93974,"Jabalpur experiencing heavy rainfall since morning, visibility very low on the highway. #DustStorm",rainfall,severe,0.47,0,
590bca7f,2026-09-02 17:23:00,news_wire,@NDRFHQ_Watch,Chhattisgarh,Jashpur,22.88384,84.14499,"Jashpur experiencing flooding since morning, visibility very low on the highway. #WeatherAlert",flood,severe,0.91,0,
45c3020e,2026-09-05 11:38:00,citizen_app,@user38089,Maharashtra,Margao,15.25351,74.03081,"School closed today in Margao because of heavy rainfall, notice came in this morning. #Flood #ColdWave",rainfall,moderate,0.8,0,36478baa
46f2a596,2026-09-03 10:21:00,twitter,@user58372,Madhya Pradesh,Satna,24.61818,80.8248,"Satna mein bahut zyada heavy rainfall ho raha hai, sadkon par paani bhar gaya hai. #Flood",rainfall,severe,0.64,0,
319ec4ac,2026-09-03 22:03:00,whatsapp_forward,@NDRFHQ_Watch,West Bengal,Kolkata,22.60248,88.34266,"Abhi Kolkata mein heavy rainfall shuru hua, log ghar ke andar hi hain. #ColdWave #DustStorm",rainfall,moderate,0.19,0,
5772eedd,2026-09-03 13:29:00,whatsapp_forward,@DistrictAdmin_Official,Madhya Pradesh,Satna,24.55951,80.83337,"IMD had warned about this — heavy rainfall now active over Satna, Madhya Pradesh. #RainAlert #Monsoon2026 #HeatWave",rainfall,severe,0.32,0,
d56232d5,2026-09-02 15:12:00,news_wire,@CitizenReporterIN,Odisha,Keonjhar,21.65008,85.6113,"Keonjhar ka mausam kharab, flooding ki wajah se traffic ruk gaya hai. #DustStorm",flood,severe,0.82,0,
9498940d,2026-09-05 07:23:00,citizen_app,@user64730,Rajasthan,Kota,25.2383,75.83734,Farmers in Kota worried as heavy rainfall continues for the third day. #ColdWave #HeatWave #IMD,rainfall,moderate,0.75,0,
3962e94b,2026-09-01 17:41:00,whatsapp_forward,@NDRFHQ_Watch,Uttar Pradesh,Kanpur,26.40143,80.29632,"Kanpur experiencing heavy rainfall since morning, visibility very low on the highway. #HeatWave #DustStorm",rainfall,moderate,0.32,0,
931f6938,2026-09-04 12:43:00,twitter,@user42383,Jharkhand,Ranchi,23.34017,85.31828,"IMD had warned about this — heavy rainfall now active over Ranchi, Jharkhand. #ColdWave",rainfall,moderate,0.53,0,
9abc779b,2026-09-07 11:42:00,citizen_app,@user89103,Assam,Dibrugarh,27.50491,94.90161,"School closed today in Dibrugarh because of flooding, notice came in this morning. #StaySafe",flood,moderate,0.79,0,
24f9d9bb,2026-05-28 19:55:00,twitter,@user96056,Rajasthan,Bikaner,28.03941,73.29974,"Citizen report: a heatwave in Bikaner. Water level rising near the river bank, please avoid the area. #IMD",heatwave,severe,0.62,0,
420a92c0,2026-09-03 14:28:00,whatsapp_forward,@user90477,West Bengal,Howrah,22.63695,88.28406,NDRF teams reportedly moving into Howrah as heavy rainfall worsens. #Cyclone #RainAlert #StaySafe,rainfall,moderate,0.16,0,
431869af,2026-09-01 17:27:00,whatsapp_forward,@user65260,Uttar Pradesh,Lucknow,26.80104,80.97452,"School closed today in Lucknow because of heavy rainfall, notice came in this morning. #IMD #Cyclone #Monsoon2026",rainfall,moderate,0.29,0,
4a31efe8,2026-09-05 22:26:00,whatsapp_forward,@user10012,Gujarat,Rajkot,22.25965,70.80405,"Scientists confirm heavy rainfall in Rajkot caused by secret weather weapon testing, wake up people #ColdWave #Flood",rainfall,moderate,0.2,1,
3acc5433,2026-09-01 11:17:00,facebook,@user38752,Uttar Pradesh,Moradabad,28.84286,78.76462,NDRF teams reportedly moving into Moradabad as heavy rainfall worsens. #Monsoon2026 #IMD,rainfall,moderate,0.44,0,
5f716256,2026-09-05 12:31:00,facebook,@user70125,Jammu and Kashmir,Srinagar,34.05116,74.80648,"Citizen report: heavy rainfall in Srinagar. Water level rising near the river bank, please avoid the area. #HeatWave",rainfall,moderate,0.52,0,
b64278c6,2026-09-03 21:22:00,news_wire,@DistrictAdmin_Official,Madhya Pradesh,Bhopal,23.23694,77.36521,"IMD had warned about this — heavy rainfall now active over Bhopal, Madhya Pradesh. #Monsoon2026",rainfall,severe,0.99,0,2c5a3344
870ced26,2026-09-07 07:49:00,facebook,@user58478,Assam,Silchar,24.80834,92.73968,"Heavy flooding reported in Silchar, Assam right now. Roads getting waterlogged near main market. #StaySafe #RainAlert",flood,moderate,0.5,0,
61c3ae8f,2026-05-30 07:40:00,facebook,@DistrictAdmin_Official,Uttar Pradesh,Jhansi,25.49257,78.60664,"Jhansi experiencing a heatwave since morning, visibility very low on the highway. #ColdWave #DustStorm",heatwave,moderate,0.54,0,b38fa2c5
f57ae062,2026-09-05 23:46:00,instagram,@user69454,Maharashtra,Panaji,15.49252,73.79645,"School closed today in Panaji because of heavy rainfall, notice came in this morning. #StaySafe #ColdWave",rainfall,moderate,0.39,0,
5eba2569,2026-09-05 13:10:00,news_wire,@IMDWeather_Alt,Delhi,Gurugram,28.46414,77.05164,"Update from Gurugram: heavy rainfall continuing, local authorities have issued an advisory. #IMD #ColdWave #Cyclone",rainfall,severe,0.86,0,
ff3f068c,2026-09-01 22:47:00,facebook,@user80069,Uttar Pradesh,Ghaziabad,28.70727,77.46137,"BREAKING!!! Ghaziabad completely underwater, govt hiding the truth, share before it gets deleted!!! #HeatWave #ColdWave",rainfall,moderate,0.28,1,
d54faecb,2026-09-05 07:57:00,instagram,@user63347,Maharashtra,Ratnagiri,17.00024,73.2932,"Ratnagiri traffic disrupted due to heavy rainfall, several vehicles stranded on the flyover. #ColdWave #RainAlert",rainfall,moderate,0.54,0,
61caecb5,2026-09-01 10:34:00,whatsapp_forward,@user70514,Delhi,Dwarka,28.55274,77.05853,Just saw heavy rainfall hit Dwarka - power supply flickering in our area. #DustStorm,rainfall,moderate,0.33,0,
25a9d9da,2026-09-05 08:41:00,facebook,@user99602,Rajasthan,Kota,25.1705,75.88573,"Citizen report: heavy rainfall in Kota. Water level rising near the river bank, please avoid the area. #StaySafe",rainfall,moderate,0.47,0,
6fe9dc16,2026-09-01 23:47:00,instagram,@user99038,Delhi,Rohini,28.77784,77.07269,"IMD had warned about this — heavy rainfall now active over Rohini, Delhi. #IMD",rainfall,moderate,0.41,0,2b0684e5
851f1e10,2026-09-05 16:01:00,twitter,@NDRFHQ_Watch,Maharashtra,Ratnagiri,16.94453,73.29216,"Ratnagiri experiencing heavy rainfall since morning, visibility very low on the highway. #RainAlert #Cyclone #Flood",rainfall,moderate,0.64,0,
df2e28ae,2026-09-05 15:31:00,facebook,@user92339,Rajasthan,Udaipur,24.54169,73.74968,Farmers in Udaipur worried as heavy rainfall continues for the third day. #DustStorm #ColdWave #Cyclone,rainfall,moderate,0.46,0,
84c3d501,2026-09-02 23:27:00,instagram,@user93371,Odisha,Keonjhar,21.59834,85.59743,"Keonjhar ka mausam kharab, flooding ki wajah se traffic ruk gaya hai. #Monsoon2026",flood,severe,0.39,0,
6f258020,2026-09-03 19:28:00,news_wire,@CitizenReporterIN,West Bengal,Kolkata,22.55569,88.34172,"Kolkata traffic disrupted due to heavy rainfall, several vehicles stranded on the flyover. #RainAlert #WeatherAlert",rainfall,moderate,0.82,0,
9b3746c3,2026-09-04 17:12:00,whatsapp_forward,@user97802,Jharkhand,Jamshedpur,22.81174,86.25083,"Jamshedpur experiencing heavy rainfall since morning, visibility very low on the highway. #HeatWave #RainAlert #ColdWave",rainfall,moderate,0.18,0,
43059839,2026-06-02 05:52:00,facebook,@user96745,Rajasthan,Jodhpur,26.2773,73.0007,NDRF teams reportedly moving into Jodhpur as a dust storm worsens. #DustStorm #IMD,dust_storm,moderate,0.54,0,d1daed03
e683cdfe,2026-09-05 21:24:00,twitter,@user85550,Gujarat,Ahmedabad,23.06108,72.54232,NDRF teams reportedly moving into Ahmedabad as heavy rainfall worsens. #Flood,rainfall,moderate,0.6,0,
bcc64728,2026-09-04 19:50:00,citizen_app,@user22206,Jharkhand,Ranchi,23.31948,85.29027,"Ranchi traffic disrupted due to heavy rainfall, several vehicles stranded on the flyover. #Flood #WeatherAlert #RainAlert",rainfall,moderate,0.67,0,
22015d24,2026-09-02 15:59:00,instagram,@user41988,Chhattisgarh,Jashpur,22.84848,84.11902,"Jashpur traffic disrupted due to flooding, several vehicles stranded on the flyover. #Flood",flood,severe,0.39,0,fc4a6e98
d1c24860,2026-09-01 07:57:00,facebook,@NDRFHQ_Watch,Delhi,Dwarka,28.60093,77.01901,"Dwarka ka mausam kharab, heavy rainfall ki wajah se traffic ruk gaya hai. #RainAlert",rainfall,moderate,0.36,0,ff83a286
0f5db8c1,2026-05-28 08:00:00,facebook,@IMDWeather_Alt,Rajasthan,Bikaner,27.98147,73.27437,"Scientists confirm a heatwave in Bikaner caused by secret weather weapon testing, wake up people #Cyclone",heatwave,severe,0.18,1,
7cb8e628,2026-06-02 16:47:00,twitter,@user98377,Rajasthan,Jodhpur,26.22526,73.00474,Farmers in Jodhpur worried as a dust storm continues for the third day. #DustStorm,dust_storm,moderate,0.61,0,
64e77776,2026-09-03 18:40:00,facebook,@user57233,Madhya Pradesh,Rewa,24.48687,81.28105,"Update from Rewa: heavy rainfall continuing, local authorities have issued an advisory. #WeatherAlert #Flood",rainfall,severe,0.54,0,
8eaa6ca8,2026-06-02 05:41:00,citizen_app,@user80319,Rajasthan,Jodhpur,26.27726,73.06702,"Heavy a dust storm reported in Jodhpur, Rajasthan right now. Roads getting waterlogged near main market. #RainAlert #Cyclone #WeatherAlert",dust_storm,moderate,0.84,0,
fe3cb7a4,2026-09-03 09:31:00,news_wire,@IMDWeather_Alt,West Bengal,Kolkata,22.61526,88.39765,"School closed today in Kolkata because of heavy rainfall, notice came in this morning. #Cyclone #StaySafe",rainfall,moderate,0.91,0,6f258020
e0badb3c,2026-09-05 12:32:00,whatsapp_forward,@user9127,Uttarakhand,Dehradun,30.29699,78.03119,"Citizen report: heavy rainfall in Dehradun. Water level rising near the river bank, please avoid the area. #DustStorm #Cyclone #HeatWave",rainfall,severe,0.28,0,
288f1a68,2026-07-14 16:49:00,whatsapp_forward,@user72641,Unverified,Hisar,29.15741,75.73461,"BREAKING!!! Hisar completely underwater, govt hiding the truth, share before it gets deleted!!! #IMD",flood,unverified,0.18,1,
59067b7e,2026-05-28 17:58:00,facebook,@user97469,Rajasthan,Barmer,25.71114,71.41528,NDRF teams reportedly moving into Barmer as a heatwave worsens. #DustStorm,heatwave,severe,0.5,0,
b2c1644d,2026-09-01 15:21:00,twitter,@user50692,Uttar Pradesh,Ghaziabad,28.63277,77.44997,"Citizen report: heavy rainfall in Ghaziabad. Water level rising near the river bank, please avoid the area. #Monsoon2026",rainfall,moderate,0.51,0,
b526c24e,2026-09-05 21:06:00,citizen_app,@user94621,Jammu and Kashmir,Jammu,32.67963,74.85453,"Update from Jammu: heavy rainfall continuing, local authorities have issued an advisory. #DustStorm #Flood",rainfall,moderate,0.81,0,
5ff56122,2026-09-05 13:35:00,instagram,@IMDWeather_Alt,Gujarat,Ahmedabad,22.99594,72.54326,NDRF teams reportedly moving into Ahmedabad as heavy rainfall worsens. #DustStorm,rainfall,moderate,0.41,0,
f38bec0d,2026-09-05 18:20:00,twitter,@NDRFHQ_Watch,Delhi,New Delhi,28.62775,77.17887,Just saw heavy rainfall hit New Delhi - power supply flickering in our area. #RainAlert,rainfall,severe,0.57,0,
3b7d7364,2026-09-03 21:58:00,twitter,@user51868,West Bengal,Kharagpur,22.30208,87.32246,Just saw heavy rainfall hit Kharagpur - power supply flickering in our area. #RainAlert,rainfall,moderate,0.54,0,
2f9f2412,2026-09-07 21:48:00,twitter,@user16083,Assam,Dibrugarh,27.44859,94.95616,"Dibrugarh mein bahut zyada flooding ho raha hai, sadkon par paani bhar gaya hai. #Monsoon2026",flood,moderate,0.5,0,
974d2ac3,2026-09-03 10:49:00,twitter,@NDRFHQ_Watch,Madhya Pradesh,Rewa,24.57182,81.26744,"Scientists confirm heavy rainfall in Rewa caused by secret weather weapon testing, wake up people #Cyclone #Monsoon2026",rainfall,severe,0.14,1,3a90bc55
8551f429,2026-09-02 05:05:00,facebook,@user29197,Chhattisgarh,Raipur,21.2365,81.59774,"Raipur traffic disrupted due to flooding, several vehicles stranded on the flyover. #Flood",flood,severe,0.43,0,
f8e462fa,2026-09-03 06:12:00,twitter,@user22094,West Bengal,Kolkata,22.61035,88.35614,"Heavy heavy rainfall reported in Kolkata, West Bengal right now. Roads getting waterlogged near main market. #Flood #IMD",rainfall,moderate,0.65,0,
b8825b72,2026-06-04 09:49:00,facebook,@user66748,Delhi,Dwarka,28.6273,77.02501,"Dwarka experiencing a dust storm since morning, visibility very low on the highway. #WeatherAlert #RainAlert #StaySafe",dust_storm,moderate,0.45,0,
d67c4052,2026-09-03 15:24:00,whatsapp_forward,@user15860,West Bengal,Howrah,22.64391,88.21448,Just saw heavy rainfall hit Howrah - power supply flickering in our area. #Cyclone #RainAlert #IMD,rainfall,moderate,0.23,0,
3bcda950,2026-09-01 22:53:00,twitter,@IMDWeather_Alt,Delhi,Rohini,28.71785,77.05276,Farmers in Rohini worried as heavy rainfall continues for the third day. #IMD,rainfall,moderate,0.64,0,
813b3e61,2026-09-02 15:42:00,whatsapp_forward,@user50391,Chhattisgarh,Balrampur,23.11176,83.64014,"Balrampur mein bahut zyada flooding ho raha hai, sadkon par paani bhar gaya hai. #StaySafe",flood,severe,0.21,0,31a23c6c
dcf49ba3,2026-09-03 14:19:00,twitter,@user65437,Madhya Pradesh,Sagar,23.8767,78.75685,"IMD had warned about this — heavy rainfall now active over Sagar, Madhya Pradesh. #IMD #DustStorm",rainfall,severe,0.62,0,
39af1746,2026-07-18 19:17:00,facebook,@DistrictAdmin_Official,Unverified,Dhanbad,23.80212,86.3815,"BREAKING!!! Dhanbad completely underwater, govt hiding the truth, share before it gets deleted!!! #IMD #DustStorm",dust_storm,unverified,0.34,1,
50c5c038,2026-09-05 23:06:00,facebook,@user23114,Maharashtra,Ratnagiri,17.00762,73.32921,"My cousin's friend said Ratnagiri got 10 feet of water in one hour, whole city gone, unbelievable #WeatherAlert",rainfall,moderate,0.02,1,
7f15c6f7,2026-09-05 11:00:00,instagram,@user61933,Uttarakhand,Nainital,29.39387,79.46739,NDRF teams reportedly moving into Nainital as heavy rainfall worsens. #HeatWave,rainfall,severe,0.48,0,b1a58391
e1895394,2026-09-02 12:13:00,whatsapp_forward,@user91739,Odisha,Balasore,21.46134,86.93169,"100% confirmed Balasore bridge collapsed due to flooding, hundreds missing (unverified forward) #Cyclone #WeatherAlert",flood,severe,0.29,1,
2b193318,2026-09-03 18:41:00,twitter,@user22860,Madhya Pradesh,Satna,24.58776,80.81647,"School closed today in Satna because of heavy rainfall, notice came in this morning. #ColdWave #Monsoon2026",rainfall,severe,0.47,0,
068f29f4,2026-09-06 11:10:00,facebook,@user14225,Bihar,Muzaffarpur,26.16959,85.3568,"Muzaffarpur experiencing heavy rainfall since morning, visibility very low on the highway. #Monsoon2026 #Flood #StaySafe",rainfall,moderate,0.51,0,
383caa0f,2026-09-05 12:03:00,facebook,@user37709,Gujarat,Ahmedabad,22.97712,72.583,"IMD had warned about this — heavy rainfall now active over Ahmedabad, Gujarat. #DustStorm",rainfall,moderate,0.52,0,
8c79755b,2026-01-16 15:55:00,facebook,@user77563,Haryana,Hisar,29.18045,75.69869,NDRF teams reportedly moving into Hisar as a cold wave worsens. #WeatherAlert #Flood,cold_wave,moderate,0.53,0,
63ae6312,2026-09-05 08:04:00,news_wire,@NDRFHQ_Watch,Gujarat,Surat,21.12844,72.86536,"Surat experiencing heavy rainfall since morning, visibility very low on the highway. #RainAlert #WeatherAlert",rainfall,moderate,0.81,0,
